Date,open,high,low,close,weighted_price,high_low_spread,midquote_price,effective_spread,7_trailing,7_next_trailing,volume_btc,volume_currency
2016-01-01,431.35,435.88,428.22,433.66,432.87,7.66,3.83,859.65,-22.526169999999922,20.21617249999997,8749.673804529999,3789078.83
2016-01-02,434.71,435.99,431.18,434.44,433.7,4.81,2.41,864.07,16.345000000000027,15.412499999999966,6591.31005265,2862465.49
2016-01-03,434.02,434.53,424.06,429.88,429.01,10.47,5.24,849.28,5.965002499999969,19.12499749999995,9678.40218607,4157151.63
2016-01-04,430.43,435.12,428.82,433.01,432.4,6.3,3.15,859.72,10.813537499999995,16.589110000000005,13463.971066299999,5832898.79
2016-01-05,432.75,435.14,429.5,432.35,432.15,5.64,2.82,859.06,0.08500000000009322,3.4249999999999545,10381.184702740002,4492484.21
2016-01-06,432.2,432.44,427.21,429.9,430.16,5.23,2.62,854.56,3.9828225000000543,3.0254249999999274,12809.357390649999,5519290.27
2016-01-07,429.76,459.12,429.25,458.12,447.85,29.87,14.94,886.37,27.49588499999993,-27.94212250000004,34986.55022838,15701270.82
2016-01-08,457.84,463.33,446.58,453.88,454.98,16.75,8.37,891.0,20.21617249999997,-93.27000000000004,21181.17940135,9636610.85
2016-01-09,453.13,456.18,447.84,449.85,451.66,8.34,4.17,891.36,15.412499999999966,-61.67549999999994,9862.74602773,4446701.08
2016-01-10,449.62,450.42,441.71,449.0,445.87,8.71,4.36,889.29,19.12499749999995,-68.59994499999993,9171.05873846,4086285.83
2016-01-11,449.12,452.33,442.23,449.6,447.66,10.1,5.05,889.1,16.589110000000005,-62.9626475,15308.55991041,6841769.21
2016-01-12,449.34,449.39,435.09,435.78,445.36,14.3,7.15,857.25,3.4249999999999545,-57.777445,17392.02978945,7726570.96
2016-01-13,435.56,441.94,425.15,432.92,431.29,16.79,8.4,849.05,3.0254249999999274,-15.105399999999975,22499.34819194,9683871.15
2016-01-14,432.57,435.1,427.29,430.18,431.58,7.81,3.9,852.54,-27.94212250000004,-19.79126249999996,11583.04211726,4996125.88
2016-01-15,430.15,430.39,360.55,360.6,396.38,69.84,34.92,651.37,-93.27000000000004,21.96750000000003,82756.38009789001,32766859.67
2016-01-16,360.55,391.46,351.7,388.18,372.27,39.77,19.88,736.59,-61.67549999999994,-1.7520350000000349,47563.95848401,17691066.86
2016-01-17,388.43,391.56,376.8,380.4,384.81,14.76,7.38,746.04,-68.59994499999993,21.612472500000024,18566.791958529997,7126556.6
2016-01-18,380.46,388.53,373.84,386.64,382.76,14.7,7.35,758.58,-62.9626475,5.139999999999986,17931.68292457,6836719.39
2016-01-19,386.75,387.72,375.68,378.0,382.16,12.05,6.02,743.95,-57.777445,14.877445000000023,18685.00036049,7117476.32
2016-01-20,377.9,424.19,373.18,417.82,400.78,51.01,25.5,784.63,-15.105399999999975,-121.740025,47943.91869779,19176501.47
2016-01-21,418.56,423.4,404.9,410.38,413.35,18.49,9.25,802.28,-19.79126249999996,-125.53999999999996,22129.6365147,9135759.03
2016-01-22,409.84,411.55,374.58,382.57,391.52,36.97,18.49,728.17,21.96750000000003,-98.57,34867.23065734,13625300.13
2016-01-23,382.84,395.72,381.55,386.42,388.72,14.17,7.09,758.68,-1.7520350000000349,-103.62246499999998,15856.56911085,6167383.52
2016-01-24,387.15,406.24,386.39,402.01,398.73,19.85,9.92,784.18,21.612472500000024,-126.15752750000001,11898.99395688,4754297.73
2016-01-25,402.05,402.08,386.46,391.78,394.99,15.62,7.81,767.93,5.139999999999986,-113.22999999999996,18312.7909252,7223626.63
2016-01-26,391.69,399.78,388.13,392.88,393.72,11.65,5.83,774.1,14.877445000000023,-113.08999999999997,17369.34200319,6824649.17
2016-01-27,293.73,297.71,293.09,296.08,295.82,4.62,2.31,587.53,-121.740025,-19.46999999999997,12045.962726900001,4750404.74
2016-01-28,295.95,296.36,282.87,284.85,287.57,13.49,6.75,556.2,-125.53999999999996,6.029999999999973,23693.307497370002,9078175.7
2016-01-29,284.57,288.38,272.81,284.0,281.58,15.57,7.79,552.43,-98.57,4.6200000000000045,31228.2689569,11726498.06
2016-01-30,283.85,285.86,280.86,282.8,283.6,5.0,2.5,560.6,-103.62246499999998,-1.490000000000009,7524.34639567,2845908.12
2016-01-31,283.11,285.29,273.55,275.86,281.52,11.74,5.87,539.97,-126.15752750000001,5.902499999999975,12344.60013336,4637296.08
2016-02-01,276.01,284.09,274.67,278.54,279.31,9.42,4.71,547.67,-113.22999999999996,-0.222500000000025,19554.07574691,7281621.36
2016-02-02,278.48,281.23,277.93,279.79,279.87,3.3,1.65,556.27,-113.08999999999997,-0.4075000000000273,15515.297481549998,5788358.59
2016-02-03,279.74,280.16,274.28,276.61,277.85,5.88,2.94,547.33,-19.46999999999997,7.399999999999977,17204.80118164,6372531.1
2016-02-04,276.66,293.12,276.52,290.88,285.89,16.61,8.3,565.14,6.029999999999973,-8.555000000000007,30541.367715399996,11646293.55
2016-02-05,290.84,292.18,287.42,288.62,289.89,4.76,2.38,572.48,4.6200000000000045,-1.5925000000000296,17856.00148853,6901505.84
2016-02-06,288.65,288.7,277.84,281.31,282.06,10.86,5.43,551.76,-1.490000000000009,11.685000000000002,14872.64950285,5593824.98
2016-02-07,281.46,284.65,279.69,281.76,282.04,4.96,2.48,558.56,5.902499999999975,22.537499999999966,8455.69232977,3180629.11
2016-02-08,281.94,284.09,277.71,278.32,280.92,6.38,3.19,550.27,-0.222500000000025,20.97750000000002,17298.649144590003,6479564.04
2016-02-09,278.3,281.81,277.33,279.38,279.52,4.48,2.24,554.27,-0.4075000000000273,26.162500000000023,19028.9682083,7090643.85
2016-02-10,279.59,287.26,278.89,284.01,282.77,8.38,4.19,559.64,7.399999999999977,27.33499999999998,24855.207217249997,9377459.31
2016-02-11,283.97,284.75,276.34,282.32,282.04,8.41,4.2,556.23,-8.555000000000007,33.472500000000025,26343.47167889,9903313.17
2016-02-12,282.66,287.36,282.13,287.03,285.42,5.22,2.61,568.84,-1.5925000000000296,28.005000000000052,17568.90118483,6686004.87
2016-02-13,287.01,294.3,286.75,293.0,290.88,7.55,3.77,578.45,11.685000000000002,33.597500000000025,14889.20671305,5774465.48
2016-02-14,293.22,304.8,293.12,304.29,298.54,11.69,5.84,596.9,22.537499999999966,24.39500000000004,20556.714661590002,8189509.28
2016-02-15,304.37,306.88,295.62,299.3,301.52,11.25,5.62,587.35,20.97750000000002,29.007499999999993,17455.21491903,7017308.9
2016-02-16,299.45,305.86,296.05,305.54,302.84,9.81,4.91,601.27,26.162500000000023,9.15749999999997,17442.52978273,7042211.45
2016-02-17,305.54,315.6,303.87,311.34,311.12,11.73,5.86,610.96,27.33499999999998,6.090000000000032,24980.8772314,10364992.23
2016-02-18,311.35,318.08,310.62,315.79,314.77,7.46,3.73,624.12,33.472500000000025,1.3524999999999636,18546.13170044,7785871.62
2016-02-19,315.78,316.42,311.25,315.04,314.39,5.17,2.59,624.9,28.005000000000052,8.114999999999952,14051.4252342,5890613.14
2016-02-20,315.17,332.72,314.89,326.6,324.69,17.83,8.92,635.36,33.597500000000025,-2.910000000000025,24609.70527138,10650332.99
2016-02-21,327.02,335.85,319.36,328.69,327.68,16.49,8.24,640.9,24.39500000000004,-4.589999999999975,21121.54239061,9236228.08
2016-02-22,328.68,329.16,323.45,328.31,327.23,5.71,2.86,650.9,29.007499999999993,-1.5425000000000182,12867.77263788,5616081.26
2016-02-23,328.21,330.1,310.93,314.7,319.06,19.17,9.58,610.23,9.15749999999997,9.920000000000016,23102.422922830003,9824693.39
2016-02-24,314.78,318.53,307.54,317.43,315.39,10.99,5.5,623.87,6.090000000000032,-1.1924999999999955,17382.78226822,7308363.14
2016-02-25,317.92,319.68,312.95,317.14,316.45,6.73,3.37,627.56,1.3524999999999636,-2.4874999999999545,13717.138814500002,5790694.81
2016-02-26,317.24,323.15,314.03,323.15,317.81,9.12,4.56,637.18,8.114999999999952,-17.462499999999977,13392.59969268,5675360.66
2016-02-27,323.35,325.67,321.7,323.68,323.53,3.98,1.99,643.39,-2.910000000000025,72.72024999999996,10524.915549289999,4544408.38
2016-02-28,323.68,326.18,316.74,324.1,321.89,9.44,4.72,638.76,-4.589999999999975,79.09475000000003,9934.705603030001,4269331.72
2016-02-29,323.62,330.56,321.89,326.76,326.73,8.66,4.33,644.86,-1.5425000000000182,85.39500000000004,19316.35300093,8418570.43
2016-03-01,327.18,328.02,320.44,324.62,324.57,7.58,3.79,641.66,9.920000000000016,87.17500000000001,17146.91927705,7420538.24
2016-03-02,324.79,326.0,314.93,316.24,321.57,11.07,5.54,621.4,-1.1924999999999955,96.1925,15553.921766880001,6674632.11
2016-03-03,315.94,317.59,310.07,314.66,314.19,7.52,3.76,621.79,-2.4874999999999545,101.35249999999996,22251.369526399998,9313469.83
2016-03-04,314.63,317.18,304.73,305.69,312.31,12.45,6.22,598.93,-17.462499999999977,113.95224999999994,19785.08808098,8235088.14
2016-03-05,407.0,408.38,384.37,396.41,397.09,24.01,12.0,768.8,72.72024999999996,13.363499999999988,41684.486321749995,16561443.46
2016-03-06,396.3,410.03,388.97,403.19,401.51,21.06,10.53,785.33,79.09475000000003,8.300249999999892,17454.31054548,7019729.0
2016-03-07,403.38,415.49,399.17,412.16,408.36,16.32,8.16,808.0,85.39500000000004,2.652749999999969,20704.51738886,8461163.5
2016-03-08,412.32,414.97,408.04,411.79,411.39,6.94,3.47,816.65,87.17500000000001,3.7099999999999227,15898.093096510001,6542457.62
2016-03-09,411.66,413.9,408.3,412.43,410.97,5.6,2.8,819.27,96.1925,4.204000000000008,13051.87604471,5367674.29
2016-03-10,412.04,419.93,409.86,416.01,414.15,10.07,5.04,821.95,101.35249999999996,2.7930000000000064,20482.76685531,8481526.61
2016-03-11,416.09,422.02,415.22,419.64,419.26,6.8,3.4,832.48,113.95224999999994,-11.039499999999919,16634.70752573,6970888.97
2016-03-12,419.38,420.8,406.7,409.77,412.71,14.1,7.05,805.44,13.363499999999988,-0.17124999999998636,18040.21745964,7446262.68
2016-03-13,410.01,415.76,409.3,411.49,411.91,6.46,3.23,816.53,8.300249999999892,0.35725000000007867,11961.01582605,4929803.43
2016-03-14,411.92,415.8,410.32,414.81,413.23,5.48,2.74,824.14,2.652749999999969,-2.978249999999946,16501.45789614,6820090.14
2016-03-15,414.74,417.05,412.37,415.5,415.23,4.68,2.34,826.33,3.7099999999999227,1.3150000000000546,15261.048452219999,6337097.71
2016-03-16,415.58,417.1,413.31,416.64,415.29,3.79,1.89,829.49,4.204000000000008,0.3809999999999718,14422.78256936,5988450.38
2016-03-17,416.72,420.45,416.08,418.8,418.69,4.37,2.19,833.24,2.7930000000000064,-4.387999999999977,13519.575185349999,5657521.22
2016-03-18,419.07,419.38,403.09,408.6,411.49,16.3,8.15,800.9,-11.039499999999919,7.1200000000000045,23175.74050329,9530254.02
2016-03-19,408.42,410.5,404.96,409.6,408.09,5.54,2.77,813.65,-0.17124999999998636,7.433250000000044,11085.45211563,4522790.31
2016-03-20,409.58,413.59,408.72,411.85,411.23,4.87,2.44,818.83,0.35725000000007867,13.099499999999978,9680.621378700002,3980595.81
2016-03-21,411.46,412.58,407.16,411.83,410.09,5.42,2.71,818.25,-2.978249999999946,10.98049999999995,13147.97828251,5388802.8
2016-03-22,411.63,417.49,410.9,416.82,415.43,6.59,3.29,827.05,1.3150000000000546,-0.7250000000000227,15064.67181421,6258319.48
2016-03-23,417.07,418.57,413.82,417.02,416.36,4.75,2.38,829.28,0.3809999999999718,-3.944499999999948,15197.623122340001,6331271.37
2016-03-24,416.89,417.65,412.42,414.42,415.92,5.23,2.61,823.6,-4.387999999999977,1.2274999999999636,11382.0106328,4732214.15
2016-03-25,414.42,417.51,412.4,415.72,415.49,5.12,2.56,826.32,7.1200000000000045,1.5147499999999354,10754.99738241,4465409.79
2016-03-26,415.82,417.54,414.68,417.03,416.35,2.85,1.43,831.21,7.433250000000044,2.8117500000000177,7086.10352326,2950420.65
2016-03-27,417.12,427.7,416.06,424.95,422.96,11.64,5.82,838.26,13.099499999999978,-5.257499999999993,13301.17865619,5625694.89
2016-03-28,424.87,425.29,420.62,422.82,423.1,4.67,2.33,840.96,10.98049999999995,-3.2250000000000227,12723.697143,5379938.91
2016-03-29,422.83,425.33,407.02,416.09,416.4,18.31,9.15,813.88,-0.7250000000000227,6.577499999999986,18764.21930825,7806012.13
2016-03-30,415.58,416.01,408.7,413.07,412.69,7.3,3.65,818.84,-3.944499999999948,8.889499999999941,14609.938953129998,6029521.51
2016-03-31,413.24,418.04,412.54,415.64,415.49,5.5,2.75,825.78,1.2274999999999636,5.75750000000005,13681.46212263,5683060.81
2016-04-01,415.79,417.69,414.36,417.23,416.4,3.33,1.66,831.14,1.5147499999999354,1.6777500000000032,11903.307796190002,4953537.06
2016-04-02,417.29,421.06,417.04,419.84,419.51,4.02,2.01,835.67,2.8117500000000177,-105.89775000000003,8377.966854949998,3512001.39
2016-04-03,419.84,420.38,416.91,419.69,418.66,3.47,1.74,835.92,-5.257499999999993,-103.63425000000001,8752.747151849999,3661507.38
2016-04-04,419.46,420.5,416.63,419.59,418.72,3.87,1.94,835.31,-3.2250000000000227,-102.05000000000001,12541.61434725,5249591.88
2016-04-05,419.24,423.56,418.23,422.67,421.67,5.33,2.67,840.01,6.577499999999986,-102.65749999999997,13709.28947165,5776554.45
2016-04-06,422.74,423.6,420.84,421.96,422.27,2.76,1.38,841.17,8.889499999999941,-103.70049999999998,12738.804372690001,5377551.19
2016-04-07,421.76,423.0,419.31,421.4,421.59,3.69,1.85,839.11,5.75750000000005,3.6847499999999513,14394.48449035,6066195.37
2016-04-08,421.48,424.76,416.74,418.91,422.01,8.02,4.01,829.8,1.6777500000000032,10.67975000000007,15862.424178559999,6688127.83
2016-04-09,314.15,314.81,310.63,313.94,312.98,4.19,2.09,623.7,-105.89775000000003,116.5575,7966.492390120001,3323523.67
2016-04-10,314.04,317.17,313.4,316.06,315.55,3.77,1.88,628.35,-103.63425000000001,112.02250000000004,6423.44933785,2704406.8
2016-04-11,316.09,317.82,314.59,317.54,316.28,3.23,1.62,631.85,-102.05000000000001,111.1975000000001,9837.14275114,4149754.0
2016-04-12,317.44,321.7,316.78,320.01,319.37,4.91,2.46,635.11,-102.65749999999997,116.24925000000002,14235.78398458,6061106.92
2016-04-13,319.95,320.79,316.96,318.26,318.78,3.82,1.91,632.7,-103.70049999999998,123.46175,10987.30312968,4674323.01
2016-04-14,424.47,426.03,422.82,425.08,424.48,3.22,1.61,846.95,3.6847499999999513,25.982250000000022,10186.56516272,4327422.47
2016-04-15,425.36,430.31,424.25,429.59,428.02,6.06,3.03,853.13,10.67975000000007,18.332249999999988,14880.40817322,6366064.46
2016-04-16,429.37,433.08,416.74,430.5,430.51,16.33,8.17,844.67,116.5575,21.57800000000003,9103.25981569,3922237.24
2016-04-17,430.83,431.77,414.16,428.08,428.56,17.61,8.8,838.56,112.02250000000004,32.162499999999966,7577.7928382,3253873.43
2016-04-18,427.91,430.67,426.79,428.74,428.34,3.88,1.94,853.59,111.1975000000001,34.61549999999994,13922.144108049999,5966581.99
2016-04-19,428.72,437.3,427.49,436.26,430.82,9.81,4.91,862.71,116.24925000000002,32.09825000000001,14535.695198989999,6264654.15
2016-04-20,436.11,443.82,434.55,441.72,439.0,9.27,4.63,874.18,123.46175,3.2112500000000637,23454.62983521,10294725.34
2016-04-21,441.81,452.57,440.52,451.07,445.56,12.04,6.02,890.09,25.982250000000022,-1.1394999999999982,23449.34745202,10450886.14
2016-04-22,450.83,451.47,443.43,447.92,447.44,8.04,4.02,887.81,18.332249999999988,9.370249999999942,18781.24066621,8407048.86
2016-04-23,447.44,452.19,445.08,452.08,448.63,7.11,3.55,897.05,21.57800000000003,-1.78875000000005,10400.98040202,4672523.28
2016-04-24,452.08,463.0,448.71,460.24,455.91,14.29,7.15,906.2,32.162499999999966,-6.632000000000005,17648.858876,8069913.23
2016-04-25,460.25,470.24,454.44,463.35,462.54,15.8,7.9,910.9,34.61549999999994,-18.401749999999993,29055.616625789997,13440254.41
2016-04-26,463.93,470.31,462.65,468.36,466.78,7.66,3.83,929.06,32.09825000000001,-16.96750000000003,25162.62013986,11743620.57
2016-04-27,467.97,469.28,443.03,444.94,457.02,26.25,13.12,863.62,3.2112500000000637,2.690249999999992,27640.72581353,12648923.98
2016-04-28,445.57,450.97,435.26,449.93,444.83,15.7,7.85,884.15,-1.1394999999999982,-0.9975000000000023,26319.753951450002,11700768.88
2016-04-29,450.27,457.52,446.68,457.29,452.04,10.83,5.42,903.76,9.370249999999942,3.712750000000028,14202.86503098,6425912.53
2016-04-30,457.36,457.7,447.79,450.29,453.45,9.91,4.96,890.67,-1.78875000000005,9.271000000000015,12421.79682661,5639037.66
2016-05-01,450.33,454.68,448.35,453.61,452.22,6.33,3.17,900.89,-6.632000000000005,6.229499999999973,6905.9246412600005,3127499.01
2016-05-02,453.88,454.64,439.85,444.95,445.67,14.79,7.4,875.11,-18.401749999999993,16.993749999999977,22170.53309305,9887589.75
2016-05-03,444.91,452.49,442.34,451.39,448.11,10.15,5.07,892.64,-16.96750000000003,0.527499999999975,19180.36649659,8596218.42
2016-05-04,451.54,451.97,445.57,447.63,448.2,6.4,3.2,888.85,2.690249999999992,5.369749999999954,12926.34708254,5795535.45
2016-05-05,447.77,450.21,446.45,448.93,448.32,3.76,1.88,894.1,-0.9975000000000023,6.6025000000000205,11430.32795524,5127237.61
2016-05-06,448.93,463.51,447.61,461.01,454.18,15.9,7.95,906.12,3.712750000000028,-4.864999999999952,21016.067625249998,9550974.41
2016-05-07,460.42,462.09,457.86,459.56,459.86,4.23,2.12,914.89,9.271000000000015,-3.6097499999999627,7176.66333544,3302620.74
2016-05-08,459.62,461.63,456.35,459.84,458.92,5.28,2.64,914.4,6.229499999999973,-1.6302499999999327,6457.96645685,2968048.32
2016-05-09,459.36,464.82,456.79,461.94,461.12,8.03,4.02,915.86,16.993749999999977,-7.885249999999985,16634.2349052,7668081.93
2016-05-10,462.1,463.42,448.06,451.92,455.59,15.36,7.68,888.48,0.527499999999975,1.430749999999989,17562.67245328,8001156.57
2016-05-11,451.81,456.68,450.82,453.0,453.78,5.86,2.93,900.13,5.369749999999954,0.4874999999999545,16198.6832831,7354142.92
2016-05-12,453.01,455.57,448.61,455.53,451.69,6.95,3.48,904.11,6.6025000000000205,-20.390000000000043,13259.059838090001,5991561.28
2016-05-13,455.43,457.03,452.52,456.14,455.07,4.51,2.25,907.78,-4.864999999999952,-14.486500000000035,14272.467453649999,6494995.63
2016-05-14,456.52,457.53,452.57,455.95,455.15,4.96,2.48,906.94,-3.6097499999999627,-13.190000000000055,7268.97468069,3312578.57
2016-05-15,455.87,459.61,452.59,458.21,456.79,7.02,3.51,909.4,-1.6302499999999327,-18.93975000000006,5832.522894780001,2674011.19
2016-05-16,458.23,458.64,450.9,454.06,456.06,7.74,3.87,900.38,-7.885249999999985,-10.272249999999985,13537.080076500002,6179596.6
2016-05-17,453.79,455.73,451.77,453.35,453.73,3.96,1.98,902.74,1.430749999999989,-8.226749999999925,12471.74303381,5665650.32
2016-05-18,453.01,456.2,452.48,453.48,454.63,3.72,1.86,903.25,0.4874999999999545,-4.129999999999939,11760.38044943,5352121.86
2016-05-19,453.6,454.4,433.58,435.14,445.9,20.82,10.41,849.46,-20.390000000000043,18.08725000000004,17852.641974989998,7983436.39
2016-05-20,434.7,444.28,433.27,441.66,440.56,11.01,5.51,872.3,-14.486500000000035,30.374000000000024,13849.433708420001,6116534.41
2016-05-21,442.79,443.93,436.5,442.76,441.77,7.43,3.72,878.09,-13.190000000000055,78.59225000000004,7941.37317782,3519863.28
2016-05-22,442.62,443.84,436.74,439.27,440.8,7.11,3.55,871.44,-18.93975000000006,81.05800000000005,9732.77829489,4295921.06
2016-05-23,439.36,444.23,437.44,443.79,441.11,6.78,3.39,880.79,-10.272249999999985,86.40749999999991,13333.01349585,5888790.45
2016-05-24,443.5,446.66,441.37,445.12,444.78,5.29,2.64,884.96,-8.226749999999925,86.35850000000005,13065.849985519999,5818605.56
2016-05-25,445.06,450.2,444.76,449.35,448.07,5.44,2.72,893.26,-4.129999999999939,86.48624999999998,12607.33078503,5658214.15
2016-05-26,449.23,453.6,446.97,453.23,450.84,6.62,3.31,899.83,18.08725000000004,84.61324999999994,12226.155328949999,5517262.74
2016-05-27,453.23,477.98,453.08,472.03,469.69,24.9,12.45,919.16,30.374000000000024,97.94475,34716.85740943,16332354.97
2016-05-28,471.67,535.1,465.17,521.36,495.78,69.93,34.96,972.78,78.59225000000004,52.69674999999995,43942.660158629995,21748623.46
2016-05-29,522.47,544.49,486.84,520.33,522.1,57.65,28.82,983.01,81.05800000000005,54.07549999999992,29146.48697349,15205542.33
2016-05-30,521.64,538.78,516.17,530.19,530.07,22.6,11.3,1037.79,86.40749999999991,54.92500000000007,19744.09534323,10461783.66
2016-05-31,530.4,546.31,516.53,531.48,534.56,29.77,14.89,1033.19,86.35850000000005,46.70749999999998,31508.99120124,16856134.85
2016-06-01,531.45,542.44,515.59,535.84,534.19,26.85,13.43,1044.83,86.48624999999998,45.26875000000007,17678.122398689997,9449291.34
2016-06-02,535.88,540.61,531.67,537.84,535.62,8.94,4.47,1066.75,84.61324999999994,38.3180000000001,17011.09160719,9116833.17
2016-06-03,537.81,577.32,536.51,569.98,559.94,40.81,20.41,1099.14,97.94475,9.047500000000014,33647.76755983,18819331.1
2016-06-04,570.23,590.56,561.83,574.05,575.05,28.73,14.37,1119.37,52.69674999999995,36.58100000000002,20531.934887180003,11808024.41
2016-06-05,574.37,583.51,568.01,574.41,575.88,15.5,7.75,1133.31,54.07549999999992,97.50725000000011,13729.7156856,7901623.22
2016-06-06,574.12,586.68,574.08,585.12,582.8,12.6,6.3,1157.64,54.92500000000007,119.93475000000001,16549.4412426,9648111.53
2016-06-07,585.15,591.33,542.64,578.19,579.21,48.69,24.35,1107.69,46.70749999999998,107.2299999999999,24328.949311149998,14101091.44
2016-06-08,578.33,582.15,572.53,581.11,578.25,9.62,4.81,1152.6,45.26875000000007,115.33749999999986,11456.70825655,6629930.06
2016-06-09,582.35,583.01,572.88,576.16,577.39,10.14,5.07,1142.19,38.3180000000001,190.48099999999988,12908.11245531,7455861.53
2016-06-10,576.75,580.96,573.08,579.02,577.7,7.88,3.94,1150.17,9.047500000000014,170.115,14157.68998707,8177816.24
2016-06-11,579.09,611.14,578.48,610.63,590.3,32.67,16.33,1188.6,36.58100000000002,145.76974999999993,15416.230045119999,9099801.89
2016-06-12,610.56,683.44,605.06,671.91,643.74,78.39,39.19,1265.44,97.50725000000011,92.0067499999999,46355.83819215,29871941.89
2016-06-13,671.5,721.51,658.54,705.05,692.81,62.97,31.48,1347.14,119.93475000000001,18.415250000000015,50895.95446153,35271533.9
2016-06-14,704.72,705.15,653.31,685.42,683.16,51.83,25.92,1319.01,107.2299999999999,-18.253749999999968,34271.82114752,23410848.74
2016-06-15,684.99,697.42,672.51,696.44,685.53,24.91,12.45,1367.98,115.33749999999986,-92.94849999999997,20197.65768674,13846499.22
2016-06-16,696.69,775.2,695.28,766.64,739.92,79.91,39.96,1453.37,190.48099999999988,-140.0882499999999,53318.47023957,39418718.31
2016-06-17,767.81,777.61,708.36,749.14,744.88,69.24,34.62,1429.03,170.115,-81.67925000000002,43352.44648816,32284080.23
2016-06-18,749.08,781.29,728.41,756.4,758.29,52.88,26.44,1459.93,145.76974999999993,-88.34924999999987,25629.894386080003,19435963.29
2016-06-19,756.35,766.71,742.6,763.92,755.67,24.11,12.05,1503.73,92.0067499999999,-131.58000000000004,16016.907715640002,12091972.22
2016-06-20,762.46,765.44,718.05,723.47,744.71,47.39,23.69,1399.55,18.415250000000015,-64.22775000000001,27457.175254510003,20429715.87
2016-06-21,722.39,727.36,628.77,667.17,674.71,98.6,49.3,1235.73,-18.253749999999968,-19.643249999999966,80086.83455946,54027895.08
2016-06-22,666.29,679.22,581.88,603.5,639.39,97.34,48.67,1109.65,-92.94849999999997,35.69074999999998,49122.8147001,31373557.92
2016-06-23,602.88,634.41,413.6,626.55,592.32,220.81,110.41,1032.3,-140.0882499999999,44.68225000000007,60885.61339457,36039575.11
2016-06-24,626.29,706.62,625.64,667.46,661.11,80.98,40.49,1253.94,-81.67925000000002,8.674250000000029,51492.165192739994,34046294.71
2016-06-25,667.22,694.56,643.41,668.05,673.99,51.15,25.57,1284.96,-88.34924999999987,34.731750000000034,21927.158754949996,14766442.1
2016-06-26,667.61,670.0,616.3,632.34,638.4,53.7,26.85,1210.98,-131.58000000000004,27.002500000000055,20361.36776281,12971185.68
2016-06-27,632.35,660.04,624.04,659.24,642.37,36.0,18.0,1282.48,-64.22775000000001,20.620499999999993,27887.051804159997,17876243.85
2016-06-28,659.79,664.05,637.27,647.52,649.08,26.78,13.39,1268.27,-19.643249999999966,21.53449999999998,28558.97325419,18504324.39
2016-06-29,646.62,646.99,622.81,639.19,634.88,24.18,12.09,1254.19,35.69074999999998,37.512750000000096,57756.96629462,36715361.84
2016-06-30,638.73,674.1,633.25,671.24,660.74,40.86,20.43,1301.61,44.68225000000007,-31.221000000000117,36733.989875269996,24309808.1
2016-07-01,670.92,687.42,664.75,676.13,677.39,22.67,11.34,1329.59,8.674250000000029,-9.541000000000054,30645.16674271,20765738.07
2016-07-02,676.2,703.87,675.22,702.79,690.99,28.65,14.33,1376.92,34.731750000000034,-50.66750000000002,18765.3717535,12967783.51
2016-07-03,703.27,703.9,647.8,659.34,673.35,56.1,28.05,1262.58,27.002500000000055,-9.0,21341.8331584,14358343.5
2016-07-04,659.9,683.8,645.76,679.86,671.55,38.03,19.01,1321.7,20.620499999999993,-29.370249999999942,15093.975424799999,10139542.58
2016-07-05,680.25,682.67,661.68,669.06,672.78,21.0,10.5,1317.12,21.53449999999998,-4.0750000000000455,13347.812275969998,8985273.41
2016-07-06,669.26,680.54,665.26,676.7,673.76,15.28,7.64,1338.12,37.512750000000096,-21.700000000000045,13584.64831518,9151827.42
2016-07-07,677.14,680.96,609.85,640.02,638.25,71.11,35.56,1208.92,-31.221000000000117,20.94500000000005,40689.93104313,26027783.18
2016-07-08,640.38,667.83,636.23,666.59,649.07,31.6,15.8,1301.58,-9.541000000000054,-1.3490000000000464,23681.18942924,15368606.25
2016-07-09,666.61,666.91,620.35,652.12,649.24,46.56,23.28,1257.67,-50.66750000000002,12.075000000000045,53106.53649258,34511687.44
2016-07-10,652.05,654.1,640.01,650.34,647.57,14.09,7.04,1286.6,-9.0,28.75750000000005,26108.30657093,16911095.52
2016-07-11,650.96,662.31,644.59,650.49,651.47,17.72,8.86,1283.27,-29.370249999999942,23.444999999999936,13197.84595909,8605331.59
2016-07-12,650.54,676.02,647.37,664.98,660.6,28.64,14.32,1301.32,-4.0750000000000455,8.835500000000025,29816.59408391,19653867.97
2016-07-13,664.77,670.04,653.69,655.0,662.87,16.36,8.18,1293.64,-21.700000000000045,11.825249999999983,54755.55611186,36349038.23
2016-07-14,653.92,664.7,648.02,660.96,659.52,16.68,8.34,1305.24,20.94500000000005,4.74249999999995,18348.536722980003,12098653.7
2016-07-15,660.87,669.22,659.56,665.24,664.63,9.66,4.83,1320.83,-1.3490000000000464,-13.465000000000032,21584.2061982,14340052.65
2016-07-16,665.42,668.26,658.81,664.19,664.14,9.45,4.72,1318.94,12.075000000000045,-7.508000000000152,7581.59939814,5037308.69
2016-07-17,664.16,681.3,662.82,679.1,672.8,18.47,9.24,1339.73,28.75750000000005,-17.18850000000009,11113.16801605,7473842.95
2016-07-18,678.46,683.62,667.65,673.94,676.73,15.97,7.99,1331.9,23.444999999999936,-19.105999999999995,16053.633605970002,10857066.54
2016-07-19,673.84,676.33,666.57,673.82,671.99,9.76,4.88,1337.88,8.835500000000025,-21.508000000000038,8041.05874415,5404543.32
2016-07-20,674.01,675.18,661.9,666.83,668.89,13.28,6.64,1320.37,11.825249999999983,-11.010499999999979,10540.83767968,7050077.86
2016-07-21,666.97,668.19,660.14,665.7,664.99,8.05,4.03,1323.35,4.74249999999995,-10.164999999999964,10007.77511594,6654829.42
2016-07-22,665.35,668.26,645.69,651.78,657.9,22.57,11.29,1280.98,-13.465000000000032,4.545000000000073,17628.47139967,11603060.34
2016-07-23,651.33,658.81,648.75,656.68,654.53,10.05,5.03,1303.32,-7.508000000000152,-1.4470000000000027,17575.91143609,11505235.17
2016-07-24,656.71,666.07,652.75,661.91,658.69,13.33,6.66,1310.5,-17.18850000000009,-34.81899999999996,16345.1650437,10742375.36
2016-07-25,661.02,663.4,652.69,654.83,656.66,10.71,5.35,1298.95,-19.105999999999995,-49.71625000000006,11818.15523328,7761931.35
2016-07-26,655.45,658.09,644.63,652.31,652.45,13.46,6.73,1291.16,-21.508000000000038,-112.8125,14627.275308670001,9549458.99
2016-07-27,652.38,660.58,647.39,655.81,654.44,13.19,6.6,1298.44,-11.010499999999979,-87.46225000000004,17774.38992465,11630395.78
2016-07-28,656.14,659.46,653.14,655.54,656.26,6.32,3.16,1304.75,-10.164999999999964,-73.66174999999998,7313.8193358,4801106.85
2016-07-29,655.86,658.58,652.36,656.32,655.7,6.22,3.11,1306.42,4.545000000000073,-79.53250000000003,7578.98632556,4972500.78
2016-07-30,656.43,658.21,652.37,655.24,655.67,5.84,2.92,1304.64,-1.4470000000000027,-64.59799999999996,4655.3465588300005,3055390.64
2016-07-31,654.57,655.61,621.58,627.09,635.42,34.02,17.01,1220.16,-34.81899999999996,-32.71249999999998,21637.36378223,13764689.9
2016-08-01,627.0,630.53,602.16,605.12,619.52,28.37,14.18,1181.86,-49.71625000000006,-12.982499999999959,22093.3639417,13694592.87
2016-08-02,605.51,613.03,477.32,539.5,559.96,135.71,67.86,943.28,-112.8125,45.54500000000007,60145.215669059995,33601700.37
2016-08-03,540.01,572.66,520.29,568.35,549.33,52.37,26.19,1084.33,-87.46225000000004,24.110000000000014,54008.40554322,29735757.47
2016-08-04,567.93,590.08,560.25,581.88,576.31,29.83,14.91,1133.92,-73.66174999999998,5.276749999999879,25854.96136751,14899850.65
2016-08-05,582.53,585.04,566.8,576.79,573.88,18.24,9.12,1135.34,-79.53250000000003,10.430000000000064,16249.534918209998,9326683.5
2016-08-06,576.87,593.21,568.68,590.64,578.57,24.54,12.27,1156.74,-64.59799999999996,-5.317000000000007,30670.324635420002,17643293.95
2016-08-07,590.94,601.1,581.11,594.38,592.64,19.99,10.0,1168.77,-32.71249999999998,-22.605000000000018,19624.792922710003,11633235.69
2016-08-08,594.33,595.43,586.64,592.13,591.38,8.79,4.4,1175.47,-12.982499999999959,-25.142749999999978,11355.04441783,6718615.02
2016-08-09,592.18,592.84,583.08,585.04,587.45,9.76,4.88,1160.32,45.54500000000007,-7.342499999999973,12781.233271340001,7511144.83
2016-08-10,585.09,602.46,582.22,592.46,592.48,20.24,10.12,1164.68,24.110000000000014,-19.334999999999923,21716.10887448,12860946.26
2016-08-11,592.12,598.74,586.57,587.15,592.65,12.18,6.09,1162.13,5.276749999999879,-13.337499999999977,15029.557333980001,8910066.65
2016-08-12,587.5,590.96,581.94,587.22,586.88,9.02,4.51,1165.42,10.430000000000064,-13.785000000000082,10033.90661347,5889319.91
2016-08-13,586.52,590.11,583.22,585.32,586.78,6.89,3.45,1163.75,-5.317000000000007,-4.522499999999923,6192.46456565,3635386.69
2016-08-14,585.02,585.38,562.33,571.78,574.82,23.04,11.52,1120.51,-22.605000000000018,8.477500000000077,16075.576081129999,9258356.72
2016-08-15,571.82,575.42,559.43,566.99,568.17,15.98,7.99,1118.0,-25.142749999999978,17.532500000000027,12551.28254654,7125634.93
2016-08-16,566.9,582.63,565.22,577.7,574.13,17.41,8.7,1137.99,-7.342499999999973,4.2450000000000045,14581.54733112,8357338.68
2016-08-17,577.63,580.13,568.81,573.13,574.28,11.32,5.66,1134.94,-19.334999999999923,6.1372499999999945,18804.213233919996,10807884.43
2016-08-18,573.23,577.52,571.1,573.81,574.02,6.41,3.21,1141.22,-13.337499999999977,2.285000000000082,24340.38524982,13968931.05
2016-08-19,573.07,576.91,567.54,573.43,573.81,9.37,4.68,1137.5,-13.785000000000082,5.490000000000009,14280.83891025,8190171.19
2016-08-20,573.73,582.84,571.62,580.8,577.05,11.22,5.61,1150.38,-4.522499999999923,-11.125,16809.24205063,9684446.45
2016-08-21,580.31,584.78,578.0,580.25,580.9,6.77,3.39,1153.73,8.477500000000077,-5.714249999999993,17201.855215530002,10001982.61
2016-08-22,580.22,587.92,577.64,584.52,583.23,10.27,5.14,1158.77,17.532500000000027,-11.282000000000039,14204.58555185,8270739.59
2016-08-23,584.67,587.01,577.86,581.95,582.62,9.15,4.57,1154.74,4.2450000000000045,-5.405000000000086,14871.14168837,8660148.9
2016-08-24,582.46,583.73,576.86,579.26,579.78,6.87,3.43,1151.66,6.1372499999999945,-6.569750000000113,11073.35152484,6414009.98
2016-08-25,579.02,579.87,571.85,576.1,575.14,8.02,4.01,1144.18,2.285000000000082,-4.022500000000036,11996.81524294,6900158.28
2016-08-26,576.14,580.52,574.26,578.92,577.72,6.26,3.13,1151.59,5.490000000000009,-4.24249999999995,8887.53933302,5134950.46
2016-08-27,578.66,579.13,566.26,569.68,572.19,12.87,6.44,1126.48,-11.125,28.449999999999932,8834.742414249999,5056044.54
2016-08-28,569.2,575.8,568.3,574.54,572.01,7.5,3.75,1141.57,-5.714249999999993,33.466749999999934,5150.55124726,2945953.49
2016-08-29,575.53,577.44,570.21,573.24,574.4,7.23,3.62,1139.25,-11.282000000000039,33.08800000000008,9019.854656149999,5177700.01
2016-08-30,572.38,578.22,571.12,576.54,575.51,7.1,3.55,1145.98,-5.405000000000086,34.89525000000003,11180.26123344,6427113.93
2016-08-31,576.1,576.9,569.52,572.69,572.79,7.38,3.69,1138.01,-6.569750000000113,43.13875000000007,13713.43481458,7852884.04
2016-09-01,572.69,573.83,568.2,572.08,571.24,5.63,2.81,1138.53,-4.022500000000036,55.169750000000136,11677.967492920001,6669243.3
2016-09-02,571.9,576.18,567.77,574.68,572.52,8.4,4.2,1140.96,-4.24249999999995,48.44500000000005,10264.42240527,5879707.09
2016-09-03,574.62,600.56,571.9,598.12,583.05,28.65,14.33,1167.6,28.449999999999932,25.057250000000067,46285.87801429,26676342.05
2016-09-04,598.41,613.1,594.83,608.0,604.11,18.28,9.14,1197.73,33.466749999999934,-0.7709999999999582,20123.14111191,12109802.96
2016-09-05,609.3,610.05,598.67,606.33,604.61,11.38,5.69,1201.28,33.08800000000008,1.930749999999989,21626.337706849998,13058117.65
2016-09-06,606.69,612.39,603.85,611.44,608.41,8.54,4.27,1214.33,34.89525000000003,-1.6979999999998654,10767.30905931,6547627.76
2016-09-07,611.8,617.03,607.27,615.83,612.65,9.76,4.88,1221.9,43.13875000000007,-5.7309999999999945,12516.90691061,7665820.68
2016-09-08,615.7,631.21,613.46,627.25,623.47,17.75,8.88,1236.74,55.169750000000136,-20.18175000000008,13984.28683759,8713513.81
2016-09-09,626.38,627.89,617.28,623.13,622.32,10.62,5.31,1235.64,48.44500000000005,-16.027500000000032,10993.393080329999,6835548.97
2016-09-10,623.01,626.29,620.4,623.18,623.18,5.88,2.94,1240.48,25.057250000000067,-17.03475000000003,12765.2245983,7939789.0
2016-09-11,623.14,630.48,594.57,607.23,611.39,35.9,17.95,1178.56,-0.7709999999999582,2.795749999999998,12638.715463170001,7720601.6
2016-09-12,607.45,610.04,603.87,608.26,607.01,6.17,3.08,1210.35,1.930749999999989,0.5707499999998618,24481.897394709995,14833459.36
2016-09-13,607.88,611.65,605.3,609.74,608.36,6.35,3.17,1213.13,-1.6979999999998654,-6.494750000000067,37796.60688255,22947891.15
2016-09-14,608.76,612.51,607.7,610.1,609.89,4.8,2.4,1215.4,-5.7309999999999945,-13.10775000000001,10180.68228985,6201062.47
2016-09-15,609.71,610.91,605.05,607.07,608.49,5.85,2.93,1208.28,-20.18175000000008,-11.697250000000054,8854.292305899999,5378364.86
2016-09-16,607.78,609.8,604.58,607.1,607.75,5.22,2.61,1208.98,-16.027500000000032,-4.550500000000056,9222.17107263,5598732.82
2016-09-17,607.94,608.64,603.56,606.15,606.19,5.08,2.54,1207.21,-17.03475000000003,-4.017749999999978,5596.05487104,3393349.33
2016-09-18,606.64,611.12,605.37,610.03,608.61,5.75,2.88,1214.3,2.795749999999998,-9.847750000000019,5613.996153640001,3415817.08
2016-09-19,610.14,611.59,605.61,608.83,608.7,5.98,2.99,1211.68,0.5707499999998618,-1.3774999999999409,7840.794096320001,4771343.41
2016-09-20,609.35,609.95,603.24,603.24,607.95,6.71,3.35,1199.78,-6.494750000000067,2.0287499999999454,9437.453395229999,5737329.39
2016-09-21,602.64,602.68,592.37,597.0,596.43,10.31,5.16,1183.68,-13.10775000000001,7.577249999999935,12308.743516659999,7340361.86
2016-09-22,596.76,598.3,594.15,595.37,596.41,4.15,2.07,1186.59,-11.697250000000054,10.791500000000042,9680.2204775,5771509.71
2016-09-23,595.32,603.41,594.29,602.55,599.23,9.12,4.56,1195.97,-4.550500000000056,7.200500000000034,9860.64921189,5904017.93
2016-09-24,602.29,605.21,600.25,602.13,602.83,4.96,2.48,1199.3,-4.017749999999978,12.208999999999946,4567.70851447,2754086.5
2016-09-25,601.68,603.55,597.83,600.18,600.43,5.71,2.86,1194.65,-9.847750000000019,10.794750000000022,4546.68481341,2732726.7
2016-09-26,600.17,607.93,598.52,607.45,604.55,9.41,4.71,1205.49,-1.3774999999999409,5.2970000000000255,10905.8225003,6591316.03
2016-09-27,607.5,608.09,600.95,605.27,605.02,7.13,3.57,1203.41,2.0287499999999454,4.658750000000055,9677.95349937,5852888.01
2016-09-28,605.65,606.1,602.28,604.57,604.45,3.82,1.91,1205.32,7.577249999999935,7.614250000000084,7119.39365307,4302197.0
2016-09-29,604.55,607.27,603.11,606.16,605.39,4.16,2.08,1208.16,10.791500000000042,6.12175000000002,8495.41885054,5139608.96
2016-09-30,606.13,609.79,604.09,609.75,606.26,5.7,2.85,1213.8,7.200500000000034,7.5847499999999854,9239.4321767,5598666.24
2016-10-01,609.74,616.09,609.61,614.34,613.18,6.48,3.24,1222.2,12.208999999999946,3.8812500000000227,6226.08249584,3817733.22
2016-10-02,614.33,614.9,607.24,610.98,610.55,7.66,3.83,1214.3,10.794750000000022,4.658249999999953,5554.564089030001,3394134.07
2016-10-03,610.95,613.85,609.21,612.75,611.9,4.64,2.32,1220.86,5.2970000000000255,5.057999999999993,8302.10676536,5081430.55
2016-10-04,613.13,613.24,607.09,609.93,609.66,6.15,3.08,1213.71,4.658750000000055,31.278749999999945,9329.23244507,5686223.82
2016-10-05,609.93,614.1,608.2,612.19,611.61,5.9,2.95,1218.47,7.614250000000084,23.458499999999958,8531.29996262,5215916.99
2016-10-06,612.08,613.33,609.83,612.28,611.97,3.5,1.75,1221.06,6.12175000000002,22.594249999999874,7439.49667691,4550582.94
2016-10-07,611.5,619.64,609.89,617.33,614.83,9.75,4.87,1224.92,7.5847499999999854,21.800250000000005,12411.51000278,7625327.02
2016-10-08,617.36,619.94,616.08,618.22,617.87,3.86,1.93,1232.58,3.8812500000000227,20.364749999999958,4545.5702883,2809536.04
2016-10-09,617.83,618.46,614.21,615.64,616.59,4.25,2.12,1227.02,4.658249999999953,25.639999999999986,4324.706974299999,2667093.54
2016-10-10,615.34,618.51,614.34,617.81,616.57,4.17,2.08,1231.45,5.057999999999993,20.741499999999974,8758.727116119999,5400618.18
2016-10-11,617.92,643.28,616.59,641.21,631.77,26.69,13.35,1255.72,31.278749999999945,-5.176249999999982,18579.390969250002,11731967.17
2016-10-12,640.48,641.95,632.36,635.64,637.71,9.59,4.8,1261.7,23.458499999999958,-5.952499999999986,10339.4003009,6593515.22
2016-10-13,635.53,638.78,631.29,634.88,635.54,7.5,3.75,1262.26,22.594249999999874,-5.4282499999999345,10423.3684092,6626193.42
2016-10-14,635.32,641.16,630.1,639.14,636.94,11.06,5.53,1267.21,21.800250000000005,-7.6749999999999545,9548.68560333,6071786.67
2016-10-15,639.14,642.84,636.32,638.58,640.34,6.53,3.26,1270.64,20.364749999999958,16.036000000000058,3376.1800695700003,2160341.25
2016-10-16,638.44,643.31,637.73,641.28,640.91,5.58,2.79,1276.97,25.639999999999986,9.700750000000085,4498.38868287,2882720.46
2016-10-17,641.01,642.25,635.43,638.55,638.45,6.82,3.41,1270.28,20.741499999999974,11.201000000000022,11799.229952610001,7526959.53
2016-10-18,638.57,638.98,632.94,636.03,636.52,6.03,3.02,1266.03,-5.176249999999982,17.892249999999876,10111.71897759,6435004.14
2016-10-19,636.02,638.04,624.97,629.69,631.99,13.07,6.54,1246.31,-5.952499999999986,45.162000000000035,13958.57476989,8818655.97
2016-10-20,629.66,631.48,626.4,629.45,629.04,5.09,2.54,1253.81,-5.4282499999999345,57.61450000000002,9409.16441482,5916397.84
2016-10-21,629.15,634.59,628.32,631.46,631.03,6.27,3.14,1256.65,-7.6749999999999545,57.4224999999999,11705.36211379,7379431.1
2016-10-22,631.49,658.46,628.83,654.62,645.22,29.63,14.82,1279.61,16.036000000000058,59.14175,14351.921123510001,9244955.27
2016-10-23,655.26,657.7,647.64,650.98,652.88,10.06,5.03,1291.89,9.700750000000085,46.663499999999885,6726.71978847,4387572.13
2016-10-24,650.36,653.52,644.11,649.75,649.33,9.4,4.7,1290.1,11.201000000000022,47.947250000000054,12282.06667231,7965925.07
2016-10-25,650.13,659.66,647.9,653.92,654.82,11.75,5.88,1296.1,17.892249999999876,76.35875000000021,19276.87319256,12608193.52
2016-10-26,653.91,677.44,653.24,674.85,666.53,24.2,12.1,1325.51,45.162000000000035,69.31299999999999,20353.155523660003,13554942.53
2016-10-27,674.7,687.92,671.37,687.06,681.7,16.55,8.27,1357.58,57.61450000000002,1.9977499999999964,14848.884564839998,10130129.74
2016-10-28,686.97,690.14,681.36,688.88,686.63,8.78,4.39,1368.98,57.4224999999999,15.879000000000019,12351.587434649999,8479293.81
2016-10-29,689.04,720.91,687.9,713.76,707.11,33.01,16.51,1394.51,59.14175,-8.010500000000093,14494.15840136,10260599.29
2016-10-30,712.83,713.19,690.63,697.64,702.37,22.56,11.28,1372.72,46.663499999999885,16.465000000000032,11615.96165674,8160453.39
2016-10-31,697.11,708.47,682.84,697.7,698.45,25.63,12.81,1369.77,47.947250000000054,7.731499999999983,12946.551712299999,9038097.6
2016-11-01,697.72,737.25,696.6,730.28,723.41,40.65,20.32,1419.92,76.35875000000021,-19.42600000000016,19053.346496699996,13771988.71
2016-11-02,730.09,744.17,720.63,744.17,727.99,23.53,11.77,1464.8,69.31299999999999,-22.487499999999955,13795.0932053,10033214.85
2016-11-03,744.42,746.78,672.9,689.06,710.12,73.88,36.94,1304.24,1.9977499999999964,24.765249999999924,32276.191475600004,22943570.02
2016-11-04,689.15,708.75,683.04,704.76,699.14,25.71,12.86,1383.81,15.879000000000019,11.998500000000035,16420.197474059998,11473622.59
2016-11-05,704.76,709.5,697.43,705.75,704.08,12.07,6.04,1399.43,-8.010500000000093,-1.95699999999988,7406.467020159999,5213101.86
2016-11-06,705.84,718.34,702.48,714.1,710.92,15.86,7.93,1412.34,16.465000000000032,-11.496749999999906,8039.30990022,5712257.97
2016-11-07,713.62,713.79,700.43,705.43,705.95,13.36,6.68,1397.5,7.731499999999983,1.0647500000000036,9527.40544808,6725237.09
2016-11-08,704.6,715.3,702.9,710.86,708.88,12.41,6.2,1409.31,-19.42600000000016,0.9049999999999727,11837.603755199998,8385038.35
2016-11-09,710.71,742.84,708.3,721.68,728.99,34.55,17.27,1408.81,-22.487499999999955,19.460749999999962,27964.718804969998,20394355.89
2016-11-10,721.66,723.32,706.75,713.82,714.44,16.57,8.29,1411.08,24.765249999999924,21.27250000000015,14074.23257036,10054238.14
2016-11-11,713.75,719.5,712.49,716.76,715.62,7.02,3.51,1426.5,11.998500000000035,33.20799999999997,9079.63763138,6497168.15
2016-11-12,716.8,717.48,702.28,703.8,707.97,15.19,7.6,1392.4,-1.95699999999988,47.37749999999994,7450.341438789999,5274719.03
2016-11-13,703.51,705.48,685.7,702.61,695.34,19.77,9.89,1385.44,-11.496749999999906,26.84674999999993,13887.83892759,9652604.31
2016-11-14,702.7,708.13,697.7,706.49,702.68,10.44,5.22,1402.55,1.0647500000000036,30.796499999999924,16317.97075247,11458675.11
2016-11-15,706.9,716.71,696.09,711.76,710.81,20.62,10.31,1402.91,0.9049999999999727,36.61500000000012,14851.244545520001,10548790.76
2016-11-16,711.49,744.79,709.5,741.14,730.78,35.3,17.65,1446.98,19.460749999999962,0.4367499999999609,26666.01619836,19473290.2
2016-11-17,740.64,754.61,732.38,735.1,744.77,22.23,11.11,1447.97,21.27250000000015,2.542500000000018,22526.33471897,16782596.84
2016-11-18,735.0,752.3,731.33,749.97,745.14,20.97,10.49,1478.97,33.20799999999997,-10.14799999999991,13358.079993169998,9946985.42
2016-11-19,749.97,756.12,738.82,751.17,748.49,17.3,8.65,1485.05,47.37749999999994,-17.764999999999986,6971.500521749999,5217914.5
2016-11-20,751.01,754.52,714.05,729.45,733.39,40.47,20.23,1418.44,26.84674999999993,-0.5992499999999836,12919.60800264,9472450.35
2016-11-21,729.95,739.88,728.81,737.29,735.49,11.08,5.54,1463.5,30.796499999999924,-5.639999999999986,11221.22142556,8251548.7
2016-11-22,737.33,750.35,731.38,748.38,742.49,18.97,9.48,1477.79,36.61500000000012,-16.582499999999982,14080.425301709998,10449317.49
2016-11-23,748.42,748.97,732.18,741.58,740.89,16.79,8.39,1466.37,0.4367499999999609,0.7089999999999463,11183.79826594,8281969.05
2016-11-24,741.5,743.6,728.85,737.64,736.12,14.75,7.38,1460.53,2.542500000000018,15.327249999999935,9080.099652609999,6681404.25
2016-11-25,737.86,740.1,729.46,739.82,735.35,10.63,5.32,1469.01,-10.14799999999991,31.184750000000008,8335.48831055,6122435.69
2016-11-26,739.8,740.27,725.12,733.41,732.37,15.14,7.57,1451.67,-17.764999999999986,31.071249999999964,6502.77270934,4759861.67
2016-11-27,733.15,736.71,726.65,728.86,731.68,10.07,5.03,1447.64,-0.5992499999999836,37.64249999999993,7326.20196544,5351077.82
2016-11-28,729.3,735.34,727.98,731.65,731.82,7.35,3.68,1455.95,-5.639999999999986,19.687250000000063,11230.503725350001,8208903.86
2016-11-29,732.12,734.71,727.31,731.8,732.04,7.4,3.7,1456.19,-16.582499999999982,26.330749999999853,12006.767116250001,8779188.82
2016-11-30,731.93,745.44,729.7,742.29,739.13,15.74,7.87,1468.83,0.7089999999999463,22.230500000000006,14386.13726896,10626739.55
2016-12-01,742.35,754.95,741.28,752.97,749.57,13.68,6.84,1492.26,15.327249999999935,14.302083333333258,13153.009537650001,9857114.49
2016-12-02,753.35,779.45,752.66,771.0,767.07,26.79,13.4,1515.22,31.184750000000008,-0.572083333333353,18851.75573768,14462603.92
2016-12-03,771.52,772.08,756.77,764.48,765.28,15.31,7.65,1513.65,31.071249999999964,8.584583333333399,7148.776026700001,5467960.05
2016-12-04,765.25,768.2,759.81,766.5,764.17,8.39,4.19,1524.61,37.64249999999993,2.782833333333542,7402.265228089999,5647196.45
2016-12-05,766.48,766.9,745.75,751.34,753.05,21.15,10.57,1481.53,19.687250000000063,26.0074166666667,13779.80320739,10371888.75
2016-12-06,750.94,759.41,750.07,758.13,756.27,9.34,4.67,1506.91,26.330749999999853,18.230916666666758,11846.40290474,8954635.2
2016-12-07,758.94,769.37,753.01,764.52,762.76,16.36,8.18,1512.68,22.230500000000006,12.339333333333343,8150.93829993,6213442.92
2016-12-08,764.27,774.49,762.17,767.27,769.25,12.32,6.16,1522.22,14.302083333333258,9.08066666666673,7492.2071666599995,5758956.27
2016-12-09,767.45,774.37,766.26,770.43,770.75,8.11,4.05,1532.76,-0.572083333333353,12.210666666666725,6299.82483795,4852901.53
2016-12-10,771.07,775.7,769.8,773.06,773.43,5.9,2.95,1540.22,8.584583333333399,17.042999999999893,3339.44373185,2581688.04
2016-12-11,773.23,773.23,763.07,769.28,767.2,10.17,5.08,1528.39,2.782833333333542,20.98666666666645,2433.83107618,1867787.82
2016-12-12,769.16,780.1,768.28,777.34,775.79,11.81,5.91,1542.88,26.0074166666667,13.575333333333333,6901.05390217,5349697.15
2016-12-13,777.49,789.64,766.76,776.36,778.81,22.88,11.44,1529.83,18.230916666666758,22.972999999999956,7228.36984837,5627322.0
2016-12-14,776.32,780.79,771.84,776.86,777.35,8.95,4.47,1544.76,12.339333333333343,54.280333333333374,4432.34758238,3444184.24
2016-12-15,776.84,779.51,773.89,776.35,777.32,5.61,2.81,1547.09,9.08066666666673,83.30333333333328,4784.11194111,3716927.5
2016-12-16,776.6,783.22,773.1,782.64,779.56,10.12,5.06,1555.17,12.210666666666725,132.86666666666667,6189.21856009,4821875.61
2016-12-17,782.64,791.96,782.16,790.11,788.23,9.8,4.9,1570.42,17.042999999999893,103.40033333333338,3524.5346912399996,2774326.17
2016-12-18,790.04,791.69,783.64,790.27,788.23,8.05,4.03,1572.48,20.98666666666645,104.89600000000007,3838.9422934500003,3022866.52
2016-12-19,789.38,793.58,788.5,790.92,790.87,5.08,2.54,1576.76,13.575333333333333,110.66699999999992,5411.86733573,4281527.42
2016-12-20,790.64,802.98,788.36,799.33,793.23,14.62,7.31,1584.04,22.972999999999956,132.45033333333345,6426.393626359999,5098334.67
2016-12-21,799.23,831.88,796.66,831.14,817.16,35.22,17.61,1627.06,54.280333333333374,146.76366666666672,14491.60385677,11835066.79
2016-12-22,830.9,876.0,827.3,859.65,856.58,48.7,24.35,1670.61,83.30333333333328,112.30999999999995,23392.70281154,20029493.85
2016-12-23,859.34,920.03,858.98,915.51,898.14,61.05,30.52,1769.97,132.86666666666667,45.71299999999985,29987.59517835,26931652.29
2016-12-24,916.1,920.01,882.46,893.51,902.04,37.55,18.77,1749.46,103.40033333333338,73.94999999999993,9768.789559789999,8804752.61
2016-12-25,894.4,897.99,857.19,895.16,875.27,40.8,20.4,1749.52,104.89600000000007,101.98400000000004,9981.27476444,8735626.8
2016-12-26,895.13,912.48,890.99,901.59,901.7,21.49,10.74,1781.69,110.66699999999992,114.93666666666661,10807.63338472,9754313.28
2016-12-27,902.94,938.4,897.76,931.78,920.19,40.64,20.32,1822.92,132.45033333333345,103.2733333333332,12529.86970517,11526509.95
2016-12-28,933.09,978.64,932.28,977.9,958.2,46.36,23.18,1909.44,146.76366666666672,149.86933333333343,18336.8499118,17551254.05
2016-12-29,978.52,982.69,950.17,971.96,969.99,32.52,16.26,1911.41,112.30999999999995,32.56666666666683,13187.38497687,12776421.55
2016-12-30,971.95,971.96,927.17,961.22,951.2,44.79,22.39,1877.66,45.71299999999985,-66.18200000000013,16820.13637846,15996232.47
2016-12-31,960.63,969.12,943.96,967.46,957.19,25.16,12.58,1909.76,73.94999999999993,-62.059999999999945,5657.96472353,5410792.18
2017-01-01,967.9,1005.67,962.05,997.15,988.52,43.61,21.81,1950.68,101.98400000000004,-83.03733333333344,10213.10217027,10089491.65
2017-01-02,998.54,1033.36,994.15,1016.52,1014.97,39.21,19.61,1993.84,114.93666666666661,-116.23033333333319,16548.31244855,16786397.16
2017-01-03,1016.84,1038.31,1008.52,1035.05,1022.18,29.79,14.9,2040.31,103.2733333333332,-128.33100000000002,12942.45498102,13217939.08
2017-01-04,1035.4,1145.21,1019.01,1127.77,1092.76,126.2,63.1,2129.34,149.86933333333343,-345.13833333333355,35728.52122977,38981257.76
2017-01-05,1127.96,1147.87,884.81,1004.53,1004.66,263.07,131.53,1745.99,32.56666666666683,-197.14533333333338,59245.06768654,59493044.98
2017-01-06,1004.59,1037.54,872.79,895.04,934.54,164.75,82.37,1625.33,-66.18200000000013,-65.78766666666638,44026.63724581,40792464.39
2017-01-07,896.15,908.24,812.27,905.4,864.72,95.97,47.99,1714.82,-62.059999999999945,-85.76633333333348,32334.82140547,27950256.7
2017-01-08,906.95,941.34,886.96,914.11,916.09,54.38,27.19,1773.84,-83.03733333333344,-89.45999999999992,12103.49794947,11071668.31
2017-01-09,910.97,915.56,877.07,900.29,893.59,38.49,19.24,1762.1,-116.23033333333319,-67.37133333333338,14006.744016409999,12504722.52
2017-01-10,900.26,915.57,895.3,906.72,906.29,20.27,10.13,1793.18,-128.33100000000002,-0.6546666666665715,13786.796782509999,12470390.06
2017-01-11,907.0,921.85,758.5,782.63,825.16,163.35,81.67,1401.92,-345.13833333333355,106.70566666666673,55563.101566189995,45733806.45
2017-01-12,780.36,834.66,752.45,807.38,788.5,82.22,41.11,1532.55,-197.14533333333338,93.4086666666667,25865.482288239997,20328536.43
2017-01-13,808.12,834.67,775.89,829.25,805.59,58.78,29.39,1599.72,-65.78766666666638,66.97633333333317,17754.630129409998,14324553.34
2017-01-14,829.66,842.28,811.28,819.63,829.02,31.0,15.5,1608.26,-85.76633333333348,104.00900000000024,8783.45275556,7273293.08
2017-01-15,821.04,827.52,810.64,824.65,819.16,16.88,8.44,1632.42,-89.45999999999992,98.33366666666655,5656.86584832,4625138.35
2017-01-16,824.25,837.63,820.36,832.92,830.74,17.26,8.63,1648.58,-67.37133333333338,82.13733333333323,8576.22681957,7112551.32
2017-01-17,833.54,912.44,830.81,906.07,882.89,81.63,40.81,1730.51,-0.6546666666665715,-19.529333333333398,21639.69179086,19072716.44
2017-01-18,906.97,916.66,851.89,889.34,882.48,64.77,32.38,1713.9,106.70566666666673,5.369666666666603,16876.23623883,14867555.9
2017-01-19,889.3,909.05,883.4,900.79,896.17,25.65,12.82,1775.94,93.4086666666667,14.125333333333174,16602.52619267,14868019.66
2017-01-20,901.39,905.89,883.31,896.23,896.3,22.58,11.29,1769.87,66.97633333333317,23.73666666666668,10286.238290500001,9207403.41
2017-01-21,895.66,928.2,895.09,923.64,914.22,33.11,16.56,1814.17,104.00900000000024,-4.646333333333473,8714.82633877,7981364.97
2017-01-22,923.63,938.73,889.42,922.98,919.57,49.31,24.65,1796.66,98.33366666666655,-8.682666666666591,10086.32556859,9257795.54
2017-01-23,924.8,928.16,913.17,915.06,921.49,14.99,7.49,1815.13,82.13733333333323,5.550666666666757,5591.59012534,5149659.23
2017-01-24,914.96,925.5,883.33,886.54,904.14,42.17,21.08,1730.91,-19.529333333333398,81.5146666666667,13875.33686145,12536508.22
2017-01-25,885.78,903.5,885.45,894.71,893.78,18.05,9.03,1771.36,5.369666666666603,91.95299999999997,8273.17279686,7391706.4
2017-01-26,894.65,920.51,894.04,914.92,908.2,26.47,13.23,1803.37,14.125333333333174,93.79333333333341,7990.489017489999,7254450.72
2017-01-27,915.25,924.24,908.9,919.97,917.66,15.34,7.67,1824.59,23.73666666666668,96.66700000000003,6693.680327149999,6144199.95
2017-01-28,919.68,922.47,915.47,918.99,919.34,6.99,3.5,1830.99,-4.646333333333473,112.548,2245.4285095100004,2063330.61
2017-01-29,919.79,922.01,912.94,914.3,917.09,9.07,4.53,1819.54,-8.682666666666591,99.57466666666676,2020.15360277,1850997.92
2017-01-30,914.41,923.63,912.87,920.61,919.42,10.76,5.38,1830.46,5.550666666666757,104.4799999999999,4900.02642675,4502292.6
2017-01-31,920.63,972.5,918.83,968.05,951.67,53.67,26.83,1882.44,81.5146666666667,83.8363333333333,15699.38969883,14923842.11
2017-02-01,967.53,988.44,963.67,986.66,973.43,24.77,12.39,1948.55,91.95299999999997,66.71966666666697,10239.93834928,9954222.8
2017-02-02,986.9,1012.21,976.7,1008.71,996.76,35.51,17.76,1981.91,93.79333333333341,-20.30866666666668,16662.7999902,16598442.79
2017-02-03,1008.06,1028.44,987.92,1016.63,1011.63,40.52,20.26,1992.75,96.66700000000003,-17.777999999999906,17685.53091713,17873603.88
2017-02-04,1016.55,1043.92,1003.75,1031.54,1023.93,40.17,20.08,2022.91,112.548,-19.982999999999947,12562.240779310001,12862671.49
2017-02-05,1032.71,1034.22,1005.05,1013.88,1017.69,29.16,14.58,1998.59,99.57466666666676,-12.653000000000134,6597.52306822,6708649.92
2017-02-06,1012.53,1032.51,1010.03,1025.09,1024.77,22.48,11.24,2027.7,104.4799999999999,-25.909666666666567,8473.139437720001,8674307.27
2017-02-07,1025.6,1055.25,1023.05,1051.89,1043.03,32.2,16.1,2071.58,83.8363333333333,-39.29866666666669,11257.60546309,11740268.71
2017-02-08,1052.94,1070.28,1023.63,1053.38,1049.21,46.65,23.33,2060.11,66.71966666666697,-39.982666666667,17081.60528653,17902102.41
2017-02-09,1053.12,1077.9,932.42,988.4,995.69,145.48,72.74,1831.33,-20.30866666666668,47.26066666666668,41790.848704820004,41633637.36
2017-02-10,988.02,1010.23,954.31,998.86,979.52,55.92,27.96,1941.79,-17.777999999999906,56.01633333333325,17608.12058931,17237081.0
2017-02-11,997.18,1018.25,991.0,1011.56,1007.85,27.25,13.62,1995.87,-19.982999999999947,47.23500000000013,7044.5790411200005,7100990.65
2017-02-12,1010.5,1011.94,996.79,1001.22,1004.25,15.15,7.58,1987.29,-12.653000000000134,52.66766666666683,4019.5302476899997,4032813.64
2017-02-13,1001.12,1008.91,979.21,999.18,995.85,29.7,14.85,1968.66,-25.909666666666567,87.37966666666682,7906.67054918,7869969.14
2017-02-14,1000.14,1021.05,990.49,1012.59,1008.73,30.57,15.28,1994.62,-39.29866666666669,113.65533333333349,10246.098947139999,10325383.18
2017-02-15,1012.15,1016.99,1002.47,1013.4,1011.19,14.52,7.26,2012.27,-39.982666666667,114.0630000000001,5074.83549881,5128174.52
2017-02-16,1014.0,1043.0,1013.15,1035.66,1031.06,29.85,14.93,2041.47,47.26066666666668,147.11266666666666,11978.71369756,12341535.17
2017-02-17,1035.28,1064.06,1032.4,1054.87,1048.51,31.66,15.83,2078.08,56.01633333333325,128.3316666666667,12255.87508341,12850213.31
2017-02-18,1054.95,1071.26,1050.28,1058.79,1064.5,20.98,10.49,2096.6,47.23500000000013,91.61833333333334,10109.15468926,10765419.31
2017-02-19,1058.53,1062.58,1042.71,1053.89,1053.38,19.87,9.93,2087.91,52.66766666666683,121.90666666666652,3261.86351034,3433378.37
2017-02-20,1053.98,1090.11,1045.23,1086.56,1064.8,44.88,22.44,2128.24,87.37966666666682,106.78033333333315,5621.38660351,5987626.9
2017-02-21,1084.89,1129.21,1077.89,1126.25,1105.62,51.32,25.66,2201.18,113.65533333333349,61.2206666666666,18444.618980940002,20400459.85
2017-02-22,1125.42,1140.7,1101.02,1127.46,1122.69,39.67,19.84,2215.25,114.0630000000001,98.3903333333335,17646.17457933,19837381.81
2017-02-23,1126.21,1193.88,1121.76,1182.78,1156.46,72.12,36.06,2293.43,147.11266666666666,73.52333333333331,19416.10079051,22431985.8
2017-02-24,1182.91,1216.97,1083.91,1183.2,1173.98,133.06,66.53,2233.35,128.3316666666667,101.36966666666672,28022.71927347,32905101.75
2017-02-25,1179.37,1185.21,1125.12,1150.41,1158.0,60.09,30.04,2240.73,91.61833333333334,113.14733333333334,9775.86881286,11321059.78
2017-02-26,1150.72,1186.97,1132.55,1175.8,1165.81,54.42,27.21,2297.17,121.90666666666652,98.86466666666661,6492.65768065,7570188.97
2017-02-27,1176.28,1197.97,1168.08,1193.34,1186.88,29.89,14.94,2356.79,106.78033333333315,85.15633333333335,7438.350344760001,8829021.83
2017-02-28,1194.05,1210.3,1177.23,1187.47,1191.79,33.07,16.54,2341.86,61.2206666666666,42.375666666666575,11224.54314947,13380317.34
2017-03-01,1187.88,1229.05,1184.08,1225.85,1212.11,44.97,22.48,2406.73,98.3903333333335,-77.65766666666673,11383.64737444,13791637.72
2017-03-02,1227.63,1283.13,1213.3,1256.3,1247.07,69.83,34.91,2442.77,73.52333333333331,-65.98199999999997,17226.86843908,21488652.58
2017-03-03,1256.05,1292.65,1248.59,1284.57,1271.36,44.05,22.03,2525.09,101.36966666666672,-170.17966666666666,14299.74541783,18198357.99
2017-03-04,1285.26,1287.78,1234.52,1263.56,1263.46,53.26,26.63,2473.86,113.14733333333334,-85.55233333333331,7309.818271669999,9219411.29
2017-03-05,1264.49,1279.04,1242.78,1274.66,1263.57,36.26,18.13,2513.06,98.86466666666661,-47.3116666666665,5899.39945293,7450655.42
2017-03-06,1273.66,1283.53,1261.13,1278.5,1276.02,22.4,11.2,2534.59,85.15633333333335,-38.956666666666706,8381.548280449999,10700868.28
2017-03-07,1278.46,1281.59,1169.4,1229.84,1239.8,112.19,56.1,2347.49,42.375666666666575,15.215999999999894,24323.237666009998,30155101.67
2017-03-08,1233.29,1242.2,1141.51,1148.19,1185.32,100.69,50.34,2195.7,-77.65766666666673,108.33433333333323,22791.05301594,27031080.08
2017-03-09,1147.91,1207.3,1123.2,1190.32,1170.57,84.1,42.05,2296.53,-65.98199999999997,-19.124666666666826,12712.21599733,14918997.42
2017-03-10,1189.51,1330.0,972.67,1114.39,1170.7,357.33,178.67,1871.45,-170.17966666666666,-60.40000000000009,58771.65240674,68871622.18
2017-03-11,1110.8,1195.7,1107.02,1178.01,1162.49,88.68,44.34,2267.33,-85.55233333333331,-214.25700000000018,14410.08566922,16742858.55
2017-03-12,1177.97,1238.3,1161.76,1227.35,1201.64,76.54,38.27,2378.16,-47.3116666666665,-210.1073333333335,9588.10353982,11547787.33
2017-03-13,1227.17,1246.36,1203.51,1239.54,1230.82,42.85,21.43,2436.23,-38.956666666666706,-204.14999999999986,11279.114000990001,13870544.25
2017-03-14,1239.59,1259.6,1224.67,1245.06,1242.94,34.93,17.47,2455.19,15.215999999999894,-132.40233333333322,9272.39142714,11531413.12
2017-03-15,1245.96,1259.67,1240.23,1256.53,1250.84,19.44,9.72,2493.62,108.33433333333323,-220.97333333333336,7626.17797284,9542864.83
2017-03-16,1256.9,1258.29,1094.99,1171.19,1193.85,163.3,81.65,2179.08,-19.124666666666826,-143.6333333333332,25636.431449670003,30641096.42
2017-03-17,1169.8,1170.21,1037.7,1053.99,1112.37,132.51,66.26,1975.47,-60.40000000000009,-125.70266666666657,31583.64608932,35176603.57
2017-03-18,1055.78,1092.59,936.98,963.75,1010.01,155.61,77.8,1771.89,-214.25700000000018,-7.046333333333337,34562.41234169,34929966.35
2017-03-19,963.12,1053.12,960.75,1017.24,1009.44,92.37,46.18,1942.12,-210.1073333333335,-65.30399999999986,18690.25750187,18856939.59
2017-03-20,1012.05,1048.72,974.46,1035.39,1029.54,74.26,37.13,1996.52,-204.14999999999986,4.576999999999998,14385.57780643,14839812.9
2017-03-21,1035.94,1116.95,1035.5,1112.66,1084.13,81.44,40.72,2143.87,-132.40233333333322,-68.73900000000003,18498.54024595,20061496.63
2017-03-22,1112.9,1114.0,984.41,1035.55,1040.39,129.59,64.79,1941.52,-220.97333333333336,4.113333333333458,22881.73666446,23772859.85
2017-03-23,1035.29,1052.97,1011.33,1027.56,1036.56,41.65,20.82,2013.47,-143.6333333333332,9.773333333333312,10600.93909077,10988645.14
2017-03-24,1028.28,1031.97,918.0,928.29,977.8,113.97,56.98,1742.61,-125.70266666666657,148.14599999999973,25836.306682590002,25250545.54
2017-03-25,926.06,965.05,887.86,956.7,924.1,77.18,38.59,1836.22,-7.046333333333337,131.68233333333342,19754.089505279997,18237525.59
2017-03-26,956.8,995.23,931.02,951.94,966.75,64.22,32.11,1839.66,-65.30399999999986,143.96799999999996,15972.000735849999,15463941.76
2017-03-27,958.65,1043.01,948.84,1039.97,1002.56,94.17,47.09,1985.76,4.576999999999998,106.78233333333333,15465.79190318,15532211.78
2017-03-28,1039.72,1066.61,1015.77,1043.92,1043.96,50.84,25.42,2036.99,-68.73900000000003,98.58566666666661,17670.829900769997,18459108.2
2017-03-29,1043.51,1057.33,1008.35,1039.67,1033.73,48.98,24.49,2030.36,4.113333333333458,95.92999999999984,17934.56636675,18529498.42
2017-03-30,1040.11,1053.08,1020.64,1037.33,1032.88,32.44,16.22,2042.22,9.773333333333312,153.72333333333336,13933.23994702,14386960.62
2017-03-31,1037.48,1086.23,1036.69,1076.44,1060.57,49.54,24.77,2103.33,148.14599999999973,115.12333333333368,18144.17652046,19184633.1
2017-04-01,1076.86,1102.64,1066.8,1088.39,1083.38,35.84,17.92,2140.93,131.68233333333342,94.99133333333339,8648.1633722,9353636.29
2017-04-02,1089.82,1109.65,1074.81,1095.91,1093.3,34.85,17.42,2156.97,143.96799999999996,113.17366666666658,12313.76014725,13412046.22
2017-04-03,1095.69,1154.47,1095.41,1146.75,1134.11,59.06,29.53,2234.44,106.78233333333333,64.21316666666667,18527.34825823,20961575.13
2017-04-04,1148.22,1162.53,1123.05,1142.5,1143.62,39.48,19.74,2245.53,98.58566666666661,80.24208333333331,13850.45929513,15831341.79
2017-04-05,1142.92,1145.63,1112.79,1135.6,1129.49,32.84,16.42,2238.36,95.92999999999984,79.7330833333333,10160.59500025,11468551.98
2017-04-06,1136.36,1203.72,1136.19,1191.06,1167.39,67.53,33.77,2314.58,153.72333333333336,-15.464166666666642,16055.519788089998,18765227.21
2017-04-07,1190.1,1202.33,1176.03,1191.56,1191.37,26.31,13.15,2356.81,115.12333333333368,-14.542250000000195,10766.620244169999,12821763.49
2017-04-08,1192.34,1198.69,1168.6,1183.38,1187.0,30.1,15.05,2336.66,94.99133333333339,-6.8496666666669626,4699.72449206,5575131.14
2017-04-09,1183.66,1216.97,1175.38,1209.08,1199.25,41.59,20.79,2376.57,113.17366666666658,-34.005499999999984,13405.17330849,16069855.21
2017-04-10,1208.81,1218.13,1197.13,1210.96,1209.55,21.01,10.5,2400.92,64.21316666666667,-21.230000000000018,13240.98699686,16019622.06
2017-04-11,1211.66,1232.43,1200.21,1222.74,1216.3,32.22,16.11,2413.27,80.24208333333331,-20.702749999999924,13837.63287342,16828817.89
2017-04-12,1222.82,1227.75,1210.16,1215.33,1218.31,17.59,8.79,2413.07,79.7330833333333,-7.382249999999658,12673.57194638,15435752.21
2017-04-13,1215.18,1219.61,1148.28,1175.59,1182.78,71.33,35.66,2279.86,-15.464166666666642,60.874250000000075,21925.05785967,25912682.15
2017-04-14,1176.14,1195.72,1160.25,1177.02,1179.61,35.48,17.74,2318.56,-14.542250000000195,70.13200000000006,18903.18423112,22214683.61
2017-04-15,1176.49,1194.02,876.24,1176.53,1179.95,317.78,158.89,2035.28,-6.8496666666669626,62.30250000000024,7103.38699694,8360926.11
2017-04-16,1175.96,1187.43,1166.79,1175.07,1177.65,20.64,10.32,2329.51,-34.005499999999984,70.28300000000013,7740.005921909999,9096899.63
2017-04-17,1174.98,1199.37,1169.3,1189.73,1185.32,30.07,15.03,2349.4,-21.230000000000018,64.22399999999993,12722.816827210001,15054775.59
2017-04-18,1191.48,1209.8,1188.95,1202.04,1202.62,20.86,10.43,2383.22,-20.702749999999924,73.95800000000008,15461.151077679999,18582390.95
2017-04-19,1202.03,1211.97,1193.35,1207.95,1201.87,18.62,9.31,2397.28,-7.382249999999658,84.42524999999978,15805.46249215,18986335.18
2017-04-20,1209.15,1242.99,1205.5,1236.47,1224.61,37.49,18.74,2435.45,60.874250000000075,101.64574999999991,18775.25226523,22995419.22
2017-04-21,1236.81,1254.84,1234.53,1247.15,1244.34,20.31,10.16,2473.99,70.13200000000006,91.97024999999985,14922.742621730002,18575782.05
2017-04-22,1247.14,1249.28,1210.82,1238.83,1236.28,38.47,19.23,2439.19,62.30250000000024,107.25199999999995,12475.28752605,15444063.72
2017-04-23,1238.42,1248.5,1229.73,1245.36,1241.01,18.76,9.38,2471.95,70.28300000000013,116.61175000000003,9536.527192579999,11852127.09
2017-04-24,1245.94,1257.41,1238.45,1253.96,1247.32,18.96,9.48,2488.95,64.22399999999993,156.81949999999983,12568.96938871,15695385.02
2017-04-25,1254.05,1281.92,1252.16,1276.0,1269.47,29.76,14.88,2522.24,73.95800000000008,182.75249999999983,17040.97475065,21667354.77
2017-04-26,1276.49,1319.87,1272.51,1292.37,1296.0,47.36,23.68,2537.39,84.42524999999978,223.50950000000012,25461.371016230005,33008481.11
2017-04-27,1292.13,1348.35,1290.27,1338.11,1323.34,58.07,29.04,2618.15,101.64574999999991,208.4312500000001,23937.42877916,31715960.04
2017-04-28,1338.48,1358.27,1297.88,1339.12,1327.0,60.39,30.19,2617.85,91.97024999999985,194.9127500000002,28060.6143583,37347716.89
2017-04-29,1338.52,1350.97,1318.88,1346.08,1338.84,32.09,16.04,2660.08,107.25199999999995,218.24400000000014,16833.5692901,22645269.57
2017-04-30,1346.33,1367.72,1321.12,1361.97,1340.47,46.6,23.3,2677.34,116.61175000000003,202.60924999999975,17012.83401748,22945006.67
2017-05-01,1359.67,1445.15,1342.49,1410.78,1403.91,102.66,51.33,2718.9,156.81949999999983,258.57375000000025,37526.189871509996,52946835.21
2017-05-02,1410.69,1481.56,1401.5,1458.75,1446.45,80.06,40.03,2837.44,182.75249999999983,261.41475000000014,30207.89389765,43763881.32
2017-05-03,1458.43,1523.08,1444.21,1515.88,1481.06,78.87,39.43,2952.89,223.50950000000012,267.78274999999985,38702.70337892,57400252.01
2017-05-04,1516.15,1633.89,1460.64,1546.54,1553.64,173.25,86.62,2919.84,208.4312500000001,286.93100000000004,64296.966942709994,100109647.78
2017-05-05,1546.06,1613.27,1506.61,1534.03,1561.38,106.65,53.33,2961.41,194.9127500000002,161.2417499999999,45088.820895979996,70566455.47
2017-05-06,1531.95,1585.21,1529.16,1564.33,1560.18,56.06,28.03,3072.59,218.24400000000014,219.5045,21663.53835959,33822893.52
2017-05-07,1563.19,1585.42,1501.06,1564.58,1557.77,84.36,42.18,3044.8,202.60924999999975,226.9290000000001,26284.756180689998,40969581.05
2017-05-08,1566.17,1672.34,1555.4,1669.35,1608.89,116.94,58.47,3221.76,258.57375000000025,62.265249999999924,49713.166954270004,80085437.79
2017-05-09,1666.64,1774.76,1625.6,1720.17,1716.09,149.16,74.58,3291.18,261.41475000000014,40.16775000000007,50357.23612743,86427975.94
2017-05-10,1720.48,1794.44,1688.42,1783.66,1753.57,106.01,53.0,3461.32,267.78274999999985,25.13650000000007,35017.76596207,61426701.75
2017-05-11,1784.0,1888.15,1758.12,1833.47,1836.08,130.04,65.02,3536.91,286.93100000000004,57.737750000000005,42574.00037295,78125662.15
2017-05-12,1832.59,1835.58,1648.73,1695.27,1746.55,186.85,93.42,3203.7,161.2417499999999,269.7862499999999,45035.49029722,78747023.85
2017-05-13,1694.84,1790.24,1607.17,1783.83,1701.98,183.08,91.54,3384.58,219.5045,244.17349999999965,31129.24538878,52881845.42
2017-05-14,1785.45,1820.0,1757.98,1791.51,1789.99,62.02,31.01,3520.99,226.9290000000001,229.81650000000013,16148.163687019998,28918682.45
2017-05-15,1791.04,1794.67,1694.3,1731.62,1738.37,100.37,50.19,3362.86,62.265249999999924,371.92799999999966,31494.40295057,54651378.06
2017-05-16,1731.54,1778.76,1685.78,1760.34,1731.63,92.97,46.49,3427.7,40.16775000000007,496.17425000000003,39071.93095453,67453601.73
2017-05-17,1757.35,1847.6,1731.37,1808.8,1806.65,116.24,58.12,3501.37,25.13650000000007,606.2984999999999,42520.01304953,76472150.87
2017-05-18,1808.12,2064.48,1795.57,1891.21,1847.57,268.91,134.45,3513.52,57.737750000000005,419.13499999999976,34085.722716000004,62858968.06
2017-05-19,1891.06,1972.26,1872.97,1965.06,1931.1,99.28,49.64,3830.84,269.7862499999999,289.9089999999999,43144.632974550004,83358548.27
2017-05-20,1965.33,2035.82,1950.82,2028.0,1991.69,85.01,42.5,3971.0,244.17349999999965,31.134000000000015,34520.32357815,68725062.01
2017-05-21,2028.0,2078.16,1974.75,2021.32,2032.68,103.41,51.7,3939.24,229.81650000000013,172.76674999999977,31838.75901,64977951.54
2017-05-22,2019.94,2242.9,1968.52,2103.54,2127.0,274.37,137.19,3932.71,371.92799999999966,176.92025000000058,61561.48180047,131595441.34
2017-05-23,2098.41,2266.75,2092.52,2256.51,2198.14,174.22,87.11,4338.79,496.17425000000003,-67.06750000000011,43849.670768300006,96616109.5
2017-05-24,2257.78,2474.04,2255.28,2415.1,2362.63,218.76,109.38,4611.44,606.2984999999999,-115.6597499999998,63647.522997190004,150806762.46
2017-05-25,2429.12,2757.3,2219.5,2310.35,2523.93,537.8,268.9,4082.9,419.13499999999976,101.33500000000004,92816.6672497,235215638.67
2017-05-26,2308.26,2626.5,2050.46,2254.97,2343.42,576.04,288.02,3933.9,289.9089999999999,227.34850000000006,77061.899795,181139902.87
2017-05-27,2255.21,2332.57,1868.91,2059.14,2063.23,463.67,231.83,3654.61,31.134000000000015,487.1497500000005,73256.0176087,151865381.0
2017-05-28,2057.1,2312.99,2056.26,2194.09,2193.01,256.73,128.36,4131.46,172.76674999999977,332.48700000000053,41835.37123508,91916061.78
2017-05-29,2183.83,2353.82,2112.17,2280.46,2247.64,241.65,120.82,4319.28,176.92025000000058,413.53674999999976,34395.86544763,77597520.39
2017-05-30,2283.44,2334.08,2139.14,2189.44,2253.55,194.95,97.47,4183.94,-67.06750000000011,682.6882500000002,45141.35051799,101572368.41
2017-05-31,2192.88,2335.13,2158.64,2299.44,2249.4,176.49,88.24,4422.39,-115.6597499999998,390.9649999999997,49999.31018001,112594811.44
2017-06-01,2300.52,2467.74,2299.17,2411.68,2393.25,168.58,84.29,4654.79,101.33500000000004,395.37525000000005,53675.0286165,128455919.73
2017-06-02,2412.85,2484.95,2375.42,2482.32,2425.67,109.53,54.77,4855.1,227.34850000000006,331.7510000000002,34457.579662389995,83572862.82
2017-06-03,2481.88,2589.08,2448.35,2546.29,2523.83,140.73,70.36,4951.85,487.1497500000005,340.5649999999996,30880.99472959,78111566.42
2017-06-04,2545.37,2564.86,2472.32,2526.58,2518.59,92.53,46.27,4960.62,332.48700000000053,432.19949999999926,29582.197969589997,74467839.96
2017-06-05,2527.61,2694.93,2521.83,2694.0,2605.9,173.11,86.55,5214.89,413.53674999999976,26.397999999999683,37544.70693322,97910280.19
2017-06-06,2694.25,2932.13,2685.4,2872.13,2816.2,246.73,123.37,5497.53,682.6882500000002,-841.6225,70810.2638841,199451348.28
2017-06-07,2872.44,2885.48,2613.81,2690.41,2786.44,271.67,135.84,5109.14,390.9649999999997,-856.6812499999996,46678.87418469,129901306.94
2017-06-08,2687.45,2813.61,2615.13,2807.06,2746.39,198.47,99.24,5415.64,395.37525000000005,-991.1585,33617.08993563,92265970.88
2017-06-09,2806.44,2863.97,2787.23,2814.07,2826.09,76.74,38.37,5551.4,331.7510000000002,-955.2160000000001,24374.23262432,68885750.75
2017-06-10,2814.33,2915.74,2796.04,2886.85,2857.74,119.7,59.85,5654.0,340.5649999999996,-910.0564999999999,35349.126862460005,101224366.26
2017-06-11,2886.6,2964.11,2844.76,2958.78,2903.59,119.35,59.67,5798.21,432.19949999999926,-1076.2792499999996,29062.16935601,84744045.15
2017-06-12,2958.88,2973.52,2571.38,2720.4,2783.01,402.15,201.07,5038.65,26.397999999999683,-775.4384999999997,80888.2391682,220922396.85
2017-06-13,1980.19,2090.19,1972.27,2030.51,2032.29,117.92,58.96,3943.09,-841.6225,12.037499999999909,43193.2215476,117120099.97
2017-06-14,2031.25,2106.48,1742.11,1833.72,1951.91,364.37,182.18,3303.08,-856.6812499999996,152.61549999999966,68043.6440032,176732953.49
2017-06-15,1835.06,1887.99,1561.33,1815.9,1739.87,326.66,163.33,3305.14,-991.1585,203.71500000000015,94501.20180889999,219067199.5
2017-06-16,1815.92,1897.75,1725.95,1858.85,1832.91,171.8,85.9,3545.91,-955.2160000000001,152.0992500000002,43893.474980060004,107198429.36
2017-06-17,1858.86,2007.91,1813.85,1976.8,1921.77,194.06,97.03,3759.53,-910.0564999999999,-56.812999999999874,34584.730700320004,88669765.81
2017-06-18,1977.96,2001.29,1843.91,1882.5,1918.93,157.38,78.69,3607.61,-1076.2792499999996,-8.056499999999687,30262.78557434,77383662.51
2017-06-19,1883.24,1946.75,1861.93,1944.96,1915.82,84.82,42.41,3805.09,-775.4384999999997,-136.42700000000013,30958.63461707,79079903.17
2017-06-20,1944.96,2081.99,1936.36,2042.54,2004.55,145.63,72.82,3939.46,12.037499999999909,-122.85500000000002,41506.91876383,111069301.5
2017-06-21,2041.06,2083.89,1935.13,1986.34,2016.24,148.76,74.38,3823.92,152.61549999999966,-69.57924999999955,40184.71369795,108075297.96
2017-06-22,1986.74,2050.0,1945.29,2019.61,2005.72,104.71,52.36,3934.52,203.71500000000015,-120.19824999999992,27802.594683249998,74402114.87
2017-06-23,2019.6,2053.25,1995.64,2010.95,2029.29,57.61,28.8,3964.3,152.0992500000002,-169.53250000000003,21374.23264098,57868263.85
2017-06-24,2010.95,2036.28,1878.8,1919.98,1959.03,157.48,78.74,3682.48,-56.812999999999874,-112.73575000000028,30540.05408111,79916003.06
2017-06-25,1921.9,1965.56,1817.51,1874.44,1896.94,148.05,74.02,3600.83,-8.056499999999687,7.208749999999554,29372.11565103,74367051.63
2017-06-26,1874.5,1912.43,1695.84,1808.53,1818.3,216.59,108.29,3400.48,-136.42700000000013,101.36999999999989,52159.99462727,126713359.45
2017-06-27,1808.37,1920.2,1703.0,1919.69,1793.45,217.2,108.6,3622.18,-122.85500000000002,29.607749999999896,50444.38883626,120671723.38
2017-06-28,1919.06,1949.5,1842.36,1916.76,1900.99,107.14,53.57,3726.38,-69.57924999999955,41.05150000000003,36452.05972437,92432027.66
2017-06-29,1914.53,1941.69,1876.1,1899.42,1915.7,65.59,32.79,3733.25,-120.19824999999992,53.301749999999856,22636.280690530002,57837983.13
2017-06-30,1898.91,1916.64,1829.11,1841.42,1881.29,87.53,43.76,3595.31,-169.53250000000003,35.964500000000044,26099.66056148,65463140.28
2017-07-01,1841.01,1883.03,1788.5,1807.25,1832.39,94.53,47.26,3519.97,-112.73575000000028,107.50975000000017,22628.874424679998,55323280.97
2017-07-02,1809.6,1899.68,1775.84,1881.65,1838.49,123.84,61.92,3639.46,7.208749999999554,-4.082499999999754,23717.474708920003,58174023.82
2017-07-03,1880.27,1941.94,1855.41,1909.9,1896.58,86.53,43.27,3733.27,101.36999999999989,-161.47024999999962,27993.64337746,70816053.31
2017-07-04,1907.3,1980.8,1907.24,1949.3,1949.25,73.56,36.78,3825.04,29.607749999999896,-219.75024999999982,26259.941553250002,68244871.5
2017-07-05,1948.56,1970.41,1904.29,1957.81,1932.52,66.11,33.06,3849.51,41.05150000000003,424.9797499999995,26181.038710449997,67450939.5
2017-07-06,1956.52,1964.38,1919.51,1952.72,1944.74,44.88,22.44,3860.56,53.301749999999856,386.5027499999999,20070.700715600004,52023308.24
2017-07-07,1952.68,1956.65,1854.3,1877.38,1902.02,102.35,51.18,3652.42,35.964500000000044,339.11474999999973,26028.24639333,66017855.96
2017-07-08,1877.38,1917.78,1850.86,1914.76,1885.35,66.93,33.46,3762.58,107.50975000000017,53.215749999999844,18462.24690548,46426579.03
2017-07-09,1914.5,1926.23,1873.62,1877.57,1904.37,52.6,26.3,3702.53,-4.082499999999754,31.546999999999798,12738.92411653,32366910.36
2017-07-10,1877.78,1893.41,1694.21,1748.43,1807.71,199.2,99.6,3297.66,-161.47024999999962,479.48024999999984,41646.118065049995,100302049.29
2017-07-11,1748.34,1803.29,1690.12,1729.55,1754.18,113.18,56.59,3345.92,-219.75024999999982,575.0974999999999,43178.31391805,101046563.75
2017-07-12,2317.75,2412.63,2262.22,2382.79,2349.37,150.41,75.2,4615.17,424.9797499999995,-122.87950000000001,35082.21812343,82227225.19
2017-07-13,2382.02,2419.42,2308.4,2339.22,2361.87,111.02,55.51,4567.42,386.5027499999999,522.8775,25518.64421319,60297617.88
2017-07-14,2339.78,2354.33,2142.0,2216.5,2243.77,212.33,106.17,4220.67,339.11474999999973,450.36325000000033,35779.2687195,80303172.96
2017-07-15,2214.56,2220.87,1963.29,1967.97,2060.52,257.58,128.79,3678.36,53.215749999999844,858.0527499999998,50285.5278075,103711416.69
2017-07-16,1967.46,2043.49,1796.8,1909.11,1910.93,246.69,123.35,3571.54,31.546999999999798,846.4152499999998,64508.4608458,123427730.98
2017-07-17,1908.59,2231.8,1906.24,2227.91,2070.27,325.56,162.78,4130.26,479.48024999999984,531.7845000000002,62895.7870575,130469273.69
2017-07-18,2225.2,2396.34,2145.82,2304.64,2291.38,250.51,125.26,4358.78,575.0974999999999,256.5055000000002,66164.9052595,151320140.4
2017-07-19,2306.25,2399.62,2217.76,2259.91,2303.51,181.87,90.93,4337.96,-122.87950000000001,265.3580000000002,46476.482917969995,107050495.33
2017-07-20,2262.46,2940.1,2262.38,2862.1,2599.43,677.73,338.86,5046.47,522.8775,-194.62750000000005,89344.7603295,232727425.7
2017-07-21,2865.24,2878.81,2612.54,2666.86,2727.21,266.27,133.14,5067.45,450.36325000000033,119.55249999999978,59473.8544735,162123565.4
2017-07-22,2666.02,2860.47,2648.94,2826.03,2789.57,211.53,105.76,5440.52,858.0527499999998,-126.10799999999972,35253.099304530006,98341278.77
2017-07-23,2824.67,2844.5,2665.65,2755.53,2764.18,178.85,89.43,5332.21,846.4152499999998,-7.117500000000291,29779.94898688,82405441.91
2017-07-24,2757.66,2798.81,2715.71,2759.7,2757.07,83.1,41.55,5436.29,531.7845000000002,97.50874999999951,24998.51746987,68934727.39
2017-07-25,2759.59,2777.09,2447.86,2561.15,2589.12,329.23,164.62,4793.07,256.5055000000002,171.2762499999999,55233.60686,142972983.1
2017-07-26,2563.55,2611.54,2404.4,2525.27,2490.9,207.14,103.57,4843.4,265.3580000000002,176.69749999999976,42358.9597241,105574963.19
2017-07-27,2525.69,2691.03,2508.72,2667.47,2578.82,182.31,91.16,5152.63,-194.62750000000005,124.10550000000012,31195.52073674,80464418.74
2017-07-28,2668.45,2825.24,2659.9,2786.42,2747.23,165.34,82.67,5407.49,119.55249999999978,75.16949999999997,44845.36422485,123276121.36
2017-07-29,2788.86,2792.89,2656.81,2699.92,2716.78,136.08,68.04,5263.76,-126.10799999999972,556.12275,28458.48526624,77297044.06
2017-07-30,2698.09,2763.73,2573.68,2748.41,2681.95,190.05,95.03,5306.77,-7.117500000000291,478.9030000000007,23270.687873590003,62343466.42
2017-07-31,2749.5,2898.47,2695.75,2857.21,2790.95,202.72,101.36,5511.69,97.50874999999951,534.2067499999998,31001.949192350003,86391722.72
2017-08-01,2857.21,2931.04,2635.76,2732.43,2766.26,295.29,147.64,5169.57,171.2762499999999,689.0482499999998,36116.65939580999,100078162.7
2017-08-02,2732.59,2759.61,2650.5,2701.97,2709.24,109.11,54.55,5294.83,176.69749999999976,647.9870000000005,25188.743852800002,68238702.44
2017-08-03,2701.99,2804.87,2699.98,2791.58,2754.45,104.9,52.45,5478.26,124.10550000000012,635.8962499999998,23039.90081382,63424037.82
2017-08-04,2792.03,2880.18,2766.23,2861.58,2837.75,113.95,56.98,5609.21,75.16949999999997,791.1129999999998,22907.71582763,64952422.71
2017-08-05,2859.39,3339.42,2856.87,3256.04,3161.33,482.55,241.27,6029.53,556.12275,614.904,54768.54866850001,173009638.9
2017-08-06,3256.28,3291.7,3159.34,3227.32,3236.39,132.36,66.18,6322.27,478.9030000000007,835.7444999999993,20629.174565909998,66694535.21
2017-08-07,3226.01,3429.97,3190.38,3391.41,3335.22,239.59,119.79,6543.24,534.2067499999998,934.5880000000006,32326.512005549997,107881555.58
2017-08-08,3393.2,3489.37,3333.94,3421.48,3420.21,155.43,77.72,6687.52,689.0482499999998,739.7024999999999,42029.93138168,143693198.5
2017-08-09,3420.18,3430.57,3225.55,3349.95,3334.61,205.02,102.51,6494.89,647.9870000000005,1030.2854999999995,36866.65637721,122802834.86
2017-08-10,3349.6,3453.1,3320.79,3427.47,3404.5,132.3,66.15,6722.64,635.8962499999998,853.33025,24525.34017988,83467557.22
2017-08-11,3427.01,3718.4,3397.43,3652.7,3529.17,320.98,160.49,6984.42,791.1129999999998,459.7150000000006,35559.19943342,125684651.69
2017-08-12,3653.9,3962.12,3611.3,3870.94,3807.99,350.83,175.41,7391.06,614.904,275.27674999999954,42671.35255178,162362254.5
2017-08-13,3872.12,4196.47,3841.69,4063.06,4024.82,354.78,177.39,7771.34,835.7444999999993,-0.7564999999995052,53526.163086,215508121.41
2017-08-14,4065.84,4352.1,3974.66,4326.0,4211.03,377.44,188.72,8274.56,934.5880000000006,-329.46950000000015,48313.29352554,203488578.81
2017-08-15,4328.07,4436.36,3809.37,4161.18,4127.31,626.99,313.5,7695.36,739.7024999999999,-85.22749999999996,77854.01728700001,321072782.05
2017-08-16,4161.29,4388.98,3933.72,4380.24,4191.1,455.26,227.63,8305.22,1030.2854999999995,-242.54750000000058,41618.78041214,174469885.0
2017-08-17,4373.74,4475.94,4181.22,4280.8,4338.44,294.72,147.36,8266.88,853.33025,34.07049999999981,45748.56992806,198442200.67
2017-08-18,4277.65,4358.59,3969.67,4112.41,4179.41,388.92,194.46,7835.9,459.7150000000006,253.4097499999989,51116.87971533,213538801.45
2017-08-19,4109.96,4193.54,3964.63,4146.22,4075.31,228.92,114.46,8063.52,275.27674999999954,196.3765000000003,32812.3815166,133459419.97
2017-08-20,4145.98,4175.35,4037.48,4062.3,4093.42,137.87,68.94,7986.73,-0.7564999999995052,270.6940000000004,19893.20812563,81382658.75
2017-08-21,4062.17,4093.82,3964.16,3996.53,4020.21,129.65,64.83,7863.41,-329.46950000000015,387.92099999999937,29196.505513099997,117369333.77
2017-08-22,3996.65,4149.43,3600.73,4075.95,3902.05,548.7,274.35,7603.2,-85.22749999999996,513.31225,60586.4632424,236385784.26
2017-08-23,4074.34,4255.2,4051.74,4137.69,4155.51,203.46,101.73,8071.93,-242.54750000000058,440.3550000000005,34756.00546913,144358847.41
2017-08-24,4143.19,4357.5,4112.22,4314.87,4216.66,245.28,122.64,8384.47,34.07049999999981,422.0545000000002,27464.675708209998,115607915.87
2017-08-25,4317.26,4455.47,4287.64,4365.82,4367.38,167.83,83.92,8563.81,253.4097499999989,563.3977500000001,27458.894970049998,119869412.56
2017-08-26,4364.68,4377.66,4251.15,4342.6,4314.14,126.52,63.26,8558.67,196.3765000000003,279.0477499999997,16495.75104217,71137209.84
2017-08-27,4344.78,4397.24,4308.64,4333.0,4344.16,88.6,44.3,8577.4,270.6940000000004,288.65750000000025,14817.78111223,64383594.83
2017-08-28,4332.88,4398.04,4180.48,4384.45,4302.14,217.55,108.78,8551.35,387.92099999999937,-39.61199999999917,25287.54500855,108791646.77
2017-08-29,4385.91,4651.54,4343.86,4589.26,4507.68,307.68,153.84,8870.85,513.31225,-158.6022499999999,34815.92934648,157013036.02
2017-08-30,4589.26,4638.86,4494.82,4578.05,4572.09,144.04,72.02,9012.06,440.3550000000005,40.25000000000091,24740.46817332,113136222.93
2017-08-31,4578.38,4764.81,4575.4,4736.93,4683.96,189.41,94.7,9284.44,422.0545000000002,-107.0625,27733.6958944,129977076.33
2017-09-01,4738.33,4933.25,4690.08,4929.22,4816.19,243.17,121.59,9615.27,563.3977500000001,-583.6949999999997,39301.87545885,189330274.95
2017-09-02,4930.15,4976.19,4502.38,4621.64,4703.14,473.82,236.91,8769.47,279.0477499999997,-297.84249999999975,46609.40490044,219013285.1
2017-09-03,4619.43,4755.75,4446.45,4621.66,4597.14,309.3,154.65,8934.01,288.65750000000025,-370.5450000000001,30772.80179335,141430048.09
2017-09-04,4621.1,4628.88,4147.28,4344.84,4384.05,481.6,240.8,8208.08,-39.61199999999917,-133.28499999999985,58585.341319729996,255932944.66
2017-09-05,4349.98,4520.76,4100.77,4430.66,4314.02,419.99,209.99,8441.33,-158.6022499999999,-262.7549999999992,47398.73439246,204228295.9
2017-09-06,4429.19,4677.54,4411.42,4618.3,4569.27,266.12,133.06,8970.47,40.25000000000091,-753.8375000000005,38970.67737438,177652067.68
2017-09-07,4620.04,4685.14,4495.04,4629.86,4601.78,190.09,95.05,9069.64,-107.0625,-1386.9924999999998,22507.58613236,103430702.56
2017-09-08,4629.82,4685.53,4135.17,4345.52,4391.43,550.35,275.18,8140.7,-583.6949999999997,-621.8624999999993,57412.140735320005,251703489.54
2017-09-09,4349.4,4416.65,4178.52,4323.8,4304.69,238.12,119.06,8409.48,-297.84249999999975,-621.0999999999999,23948.222950910003,103042165.22
2017-09-10,4327.97,4342.02,4067.86,4251.11,4200.52,274.15,137.08,8228.07,-370.5450000000001,-552.0000000000009,30086.6145047,126129314.34
2017-09-11,4250.25,4368.59,4115.16,4211.56,4225.0,253.43,126.72,8169.68,-133.28499999999985,-113.91250000000036,26301.97218969,111030482.54
2017-09-12,4209.48,4380.32,4087.15,4167.91,4231.31,293.17,146.58,8042.64,-262.7549999999992,-265.630000000001,33343.8972224,141062794.84
2017-09-13,4169.0,4176.64,3734.22,3864.46,3911.91,442.42,221.21,7286.5,-753.8375000000005,5.167500000000018,65679.521452,256733016.63
2017-09-14,3862.5,3929.7,3213.76,3242.87,3527.61,715.94,357.97,5769.81,-1386.9924999999998,375.8024999999998,98106.50012,345606760.17
2017-09-15,3241.72,3847.12,2977.9,3723.66,3437.92,869.22,434.61,6578.1,-621.8624999999993,-111.40000000000055,139304.06375169999,474908438.77
2017-09-16,3723.11,3934.88,3567.1,3702.7,3740.65,367.78,183.89,7037.63,-621.0999999999999,82.69750000000022,50848.73856424,189495111.23
2017-09-17,3699.51,3809.45,3484.75,3699.11,3652.44,324.7,162.35,7073.52,-552.0000000000009,-30.90249999999969,28722.88920219,104948793.08
2017-09-18,3698.82,4126.89,3695.13,4097.64,3974.09,431.76,215.88,7763.53,-113.91250000000036,-177.7249999999999,43608.36403355,172962736.51
2017-09-19,4100.13,4119.25,3852.77,3902.27,3964.02,266.48,133.24,7538.07,-265.630000000001,-17.737499999999272,38450.86575755,152345951.97
2017-09-20,3900.85,4049.2,3832.42,3869.63,3943.05,216.78,108.39,7522.48,5.167500000000018,332.6425000000004,28115.20533447,110724871.25
2017-09-21,3873.15,3908.97,3573.69,3618.68,3736.94,335.28,167.64,6902.07,375.8024999999998,569.7025000000008,42857.196328670005,160289229.78
2017-09-22,3616.3,3762.27,3514.88,3612.26,3618.05,247.39,123.69,6977.14,-111.40000000000055,547.0175000000008,35092.597754790004,126992502.86
2017-09-23,3610.87,3816.41,3567.02,3785.4,3724.64,249.38,124.69,7321.42,82.69750000000022,548.8849999999998,21433.5276589,79857962.41
2017-09-24,3785.6,3788.04,3626.53,3668.21,3695.37,161.51,80.76,7174.9,-30.90249999999969,717.3900000000008,14494.91352976,53575513.85
2017-09-25,3667.88,3969.39,3665.73,3919.92,3850.61,303.66,151.83,7536.18,-177.7249999999999,473.5999999999999,31144.3661789,119976009.97
2017-09-26,3920.95,3965.5,3851.83,3884.54,3914.8,113.67,56.84,7655.41,-17.737499999999272,426.369999999999,21993.342734730002,86129538.18
2017-09-27,3884.08,4229.03,3873.5,4202.27,4072.93,355.53,177.76,8049.02,332.6425000000004,16.2524999999996,36576.04438518,148976227.04
2017-09-28,4204.8,4269.96,4079.12,4188.38,4187.13,190.85,95.43,8185.91,569.7025000000008,125.95499999999993,24415.67685958,102279444.24
2017-09-29,4188.75,4221.6,4015.55,4159.28,4125.85,206.05,103.03,8112.51,547.0175000000008,204.03499999999894,28971.31984892,119627520.83
2017-09-30,4160.36,4354.57,4149.3,4334.28,4277.07,205.27,102.63,8463.3,548.8849999999998,92.04250000000047,17733.42581433,75898536.47
2017-10-01,4334.25,4389.22,4241.78,4385.6,4308.24,147.44,73.72,8623.76,717.3900000000008,210.2549999999983,15869.99509948,68259233.82
2017-10-02,4384.67,4461.16,4357.9,4393.52,4400.71,103.27,51.63,8683.77,473.5999999999999,369.1850000000004,21671.316708810005,95353900.01
2017-10-03,4393.58,4424.24,4232.86,4310.91,4306.26,191.37,95.69,8430.44,426.369999999999,438.33750000000055,29999.69665786,129141490.45
2017-10-04,4311.85,4344.98,4178.73,4218.52,4246.11,166.25,83.12,8270.8,16.2524999999996,600.1274999999996,19805.08557768,84006562.96
2017-10-05,4218.25,4363.63,4146.64,4314.33,4274.75,216.99,108.5,8411.67,125.95499999999993,1123.92,19594.14224115,83682797.7
2017-10-06,4313.18,4417.8,4292.12,4363.31,4367.73,125.68,62.84,8600.95,204.03499999999894,1277.8775000000005,19057.56228569,83193357.99
2017-10-07,4361.58,4453.1,4316.87,4426.33,4370.07,136.24,68.12,8716.42,92.04250000000047,1375.8125,12435.93384739,54343769.69
2017-10-08,4423.93,4608.97,4411.76,4595.85,4505.66,197.21,98.61,8994.49,210.2549999999983,1093.7475000000013,22380.98224842,101027823.75
2017-10-09,4596.45,4869.1,4549.51,4762.7,4691.46,319.59,159.8,9205.82,369.1850000000004,983.5624999999991,33158.87451136,155755276.95
2017-10-10,4762.4,4911.66,4705.34,4749.24,4815.58,206.31,103.16,9292.18,438.33750000000055,849.4575000000004,32990.60020644,158924656.98
2017-10-11,4747.61,4871.34,4710.87,4818.65,4796.99,160.47,80.24,9476.83,600.1274999999996,758.4125000000004,22197.652020859998,106435979.81
2017-10-12,4819.05,5438.56,4805.92,5438.25,5142.09,632.63,316.32,10243.87,1123.92,266.65749999999935,51239.912933600004,263986905.53
2017-10-13,5437.71,5859.46,5384.41,5641.19,5625.06,475.05,237.53,10807.33,1277.8775000000005,345.6374999999998,65665.90816504,368586577.55
2017-10-14,5640.85,5812.34,5561.8,5802.14,5696.09,250.54,125.27,11353.74,1375.8125,221.58749999999964,21269.39630729,120976382.77
2017-10-15,5800.12,5837.09,5440.1,5689.6,5616.58,396.99,198.49,10982.22,1093.7475000000013,300.7950000000001,28901.47303166,162038194.47
2017-10-16,5690.57,5786.24,5562.58,5746.26,5686.54,223.66,111.83,11268.86,983.5624999999991,149.63999999999942,21918.46792941,124602417.03
2017-10-17,5749.81,5767.68,5522.47,5598.7,5616.65,245.21,122.6,10952.2,849.4575000000004,-69.78750000000036,21831.57115818,122583016.28
2017-10-18,5596.64,5611.84,5110.38,5577.06,5374.98,501.46,250.73,10652.66,758.4125000000004,166.7425000000003,44556.94870444,239468533.1
2017-10-19,5576.89,5737.48,5524.56,5704.91,5652.26,212.93,106.46,11196.89,266.65749999999935,185.44999999999982,22660.115963439996,128133708.77
2017-10-20,5703.14,6058.78,5613.21,5986.83,5890.58,445.57,222.78,11528.1,345.6374999999998,-209.34000000000015,38322.81564927,225930136.34
2017-10-21,5984.51,6183.02,5884.75,6023.73,6064.34,298.28,149.14,11749.18,221.58749999999964,-282.8625000000002,36290.91779031,219980405.28
2017-10-22,6025.31,6078.73,5734.76,5990.4,5896.35,343.97,171.98,11636.82,300.7950000000001,145.90749999999935,27592.581783089998,162667345.99
2017-10-23,5986.35,6053.1,5653.86,5895.9,5849.14,399.24,199.62,11392.56,149.63999999999942,227.46500000000106,38922.29107003,227541267.19
2017-10-24,5890.25,5892.15,5472.05,5528.92,5648.94,420.1,210.05,10637.73,-69.78750000000036,910.6775000000007,43289.971953,244564253.1
2017-10-25,5526.64,5760.24,5375.68,5743.8,5541.14,384.56,192.28,11103.05,166.7425000000003,1007.9899999999998,34111.23142478,189056667.94
2017-10-26,5745.09,5986.78,5696.44,5890.36,5860.7,290.34,145.17,11490.38,185.44999999999982,1137.1224999999995,28969.93235729,169725058.55
2017-10-27,5889.55,5994.49,5695.62,5777.49,5810.22,298.87,149.43,11256.11,-209.34000000000015,1382.0974999999999,26453.00784883,153616700.34
2017-10-28,5781.22,5883.3,5675.8,5740.86,5747.34,207.5,103.75,11274.22,-282.8625000000002,1650.1450000000004,14866.780559890001,85501918.14
2017-10-29,5741.58,6281.88,5697.1,6136.3,6014.04,584.78,292.39,11687.82,145.90749999999935,1245.7025000000003,35236.91745989,211740636.44
2017-10-30,6136.19,6219.29,6027.9,6123.37,6120.25,191.39,95.7,12055.35,227.46500000000106,842.875,22436.37374959,137298998.06
2017-10-31,6124.98,6457.56,6084.43,6439.59,6296.74,373.12,186.56,12506.06,910.6775000000007,687.5474999999997,32896.77309729,207284445.06
2017-11-01,6441.96,6759.76,6355.15,6751.8,6550.49,404.61,202.31,13098.98,1007.9899999999998,712.9124999999995,40130.02562188,262971290.77
2017-11-02,6752.63,7357.9,6726.87,7027.48,6979.12,631.03,315.51,13423.93,1137.1224999999995,124.44000000000142,74890.60410988,523132196.5
2017-11-03,7030.74,7466.46,6928.94,7159.59,7251.82,537.52,268.76,13781.65,1382.0974999999999,-579.4099999999999,47625.70650061,345165511.63
2017-11-04,7157.94,7513.7,6984.8,7391.01,7270.86,528.9,264.45,14253.12,1650.1450000000004,-1045.2849999999999,26643.47470418,193905362.67
2017-11-05,7391.72,7599.45,7295.21,7382.0,7461.77,304.24,152.12,14459.76,1245.7025000000003,-1508.7275,28759.13603566,214857167.23
2017-11-06,7379.87,7432.47,6917.0,6966.24,7175.29,515.47,257.73,13417.02,842.875,-438.02000000000044,52845.328479539996,378781287.3
2017-11-07,6966.56,7244.91,6953.48,7127.14,7103.53,291.42,145.71,13962.86,687.5474999999997,-507.4475000000002,32138.521724849998,228217885.77
2017-11-08,7127.88,7861.0,7071.48,7464.71,7424.86,789.52,394.76,14139.89,712.9124999999995,-179.5674999999992,72967.37758449,541774725.98
2017-11-09,7464.73,7483.64,7074.6,7151.92,7231.33,409.04,204.52,13894.8,124.44000000000142,667.5674999999992,39598.21396111,286464112.79
2017-11-10,7153.29,7359.44,6422.74,6580.18,6828.03,936.71,468.36,12223.64,-579.4099999999999,1113.7675,75362.92253223,513562150.53
2017-11-11,6576.21,6835.35,6204.75,6345.72,6463.05,630.6,315.3,12060.85,-1045.2849999999999,1432.7849999999999,50056.833122899996,323931656.57
2017-11-12,6343.4,6481.94,5505.92,5873.28,6006.29,976.02,488.01,10770.54,-1508.7275,2149.0949999999993,106289.0798104,639642364.26
2017-11-13,5859.03,6821.06,5826.29,6528.22,6381.85,994.77,497.39,12061.68,-438.02000000000044,1708.8275000000003,73370.53789400999,468871477.38
2017-11-14,6529.9,6754.87,6486.09,6619.69,6604.79,268.78,134.39,12970.6,-507.4475000000002,1484.2175000000007,37826.7381603,249671934.56
2017-11-15,6619.25,7336.08,6619.25,7285.14,7055.79,716.82,358.41,13853.46,-179.5674999999992,952.232500000001,55459.895761559994,391709162.95
2017-11-16,7285.24,7933.74,7114.56,7819.49,7531.1,819.18,409.59,14819.8,667.5674999999992,195.55000000000018,59940.96926371999,452364083.19
2017-11-17,7819.96,7983.88,7526.06,7693.94,7806.1,457.81,228.91,14930.08,1113.7675,504.192500000001,50060.614035319995,390903324.13
2017-11-18,7690.58,7848.71,7454.41,7778.51,7683.26,394.3,197.15,15162.72,1432.7849999999999,968.6124999999993,26202.874662140002,201285739.42
2017-11-19,7780.76,8071.56,7680.82,8022.37,7890.43,390.74,195.37,15654.01,2149.0949999999993,1272.8075000000008,26693.665428759996,210803111.61
2017-11-20,8021.8,8279.66,7932.15,8237.05,8139.67,347.51,173.76,16126.6,1708.8275000000003,1465.8925,28447.56827959,231797823.21
2017-11-21,8235.75,8359.11,7788.47,8103.91,8112.08,570.64,285.32,15637.18,1484.2175000000007,1784.6025,50900.03083385999,412990924.11
2017-11-22,8098.84,8299.75,8059.37,8237.37,8191.01,240.38,120.19,16234.36,952.232500000001,1606.7524999999987,26059.28600566,213554682.13
2017-11-23,8237.75,8278.93,8012.79,8015.04,8162.08,266.14,133.07,15763.94,195.55000000000018,1955.2424999999994,23898.3683192,195152500.07
2017-11-24,8014.7,8319.24,7876.42,8198.14,8142.06,442.82,221.41,15953.45,504.192500000001,2672.1425,29176.011869070004,237947633.36
2017-11-25,8198.59,8755.77,8146.32,8747.12,8489.57,609.45,304.73,16884.79,968.6124999999993,2153.675000000001,32847.76976779,278547612.93
2017-11-26,8749.58,9467.32,8694.46,9295.18,9110.68,772.86,386.43,17817.5,1272.8075000000008,1942.3449999999993,45243.040338139996,413755382.92
2017-11-27,9298.92,9734.06,9289.92,9702.94,9566.59,444.14,222.07,18961.75,1465.8925,1927.0900000000001,44222.993146320005,424495150.57
2017-11-28,9709.36,9955.5,9586.96,9888.51,9827.4,368.54,184.27,19408.48,1784.6025,1817.744999999999,34523.835162489995,340541453.63
2017-11-29,9895.91,11377.45,8956.62,9844.12,10356.67,2420.83,1210.42,17267.42,1606.7524999999987,3931.6699999999983,117025.35910137,1213027926.37
2017-11-30,9839.88,10737.1,9063.36,9970.28,9813.68,1673.73,836.87,18266.83,1955.2424999999994,6697.647500000001,75531.74866339,744028887.69
2017-12-01,9962.36,10947.67,9426.28,10870.28,10310.26,1521.39,760.7,20219.16,2672.1425,5191.682499999999,57006.527301129994,586928418.08
2017-12-02,10864.51,11163.37,10677.52,10900.8,10932.63,485.85,242.93,21315.75,2153.675000000001,4015.024999999998,33122.688063420006,362315332.71
2017-12-03,10900.65,11817.0,10522.67,11237.52,11270.83,1294.33,647.17,21180.72,1942.3449999999993,3795.7924999999996,50530.44075359,570587101.12
2017-12-04,11245.62,11639.04,10918.03,11630.04,11353.53,721.0,360.5,22539.06,1927.0900000000001,5080.2249999999985,39340.79177817,446859653.93
2017-12-05,11630.04,11859.75,11469.15,11706.26,11685.02,390.61,195.3,23021.91,1817.744999999999,5444.477500000001,34322.592974269995,401431509.84
2017-12-06,11700.9,13928.41,11696.39,13775.79,12729.94,2232.02,1116.01,25319.57,3931.6699999999983,2626.032500000001,77211.99647569,990916012.38
2017-12-07,13774.59,17267.66,13371.48,16667.93,15145.74,3896.18,1948.09,29439.68,6697.647500000001,-135.6125000000029,118583.15591832998,1846244160.62
2017-12-08,16667.93,17154.66,13836.05,16061.96,15604.41,3318.61,1659.3,28805.32,5191.682499999999,1536.9675000000007,97878.55720521,1552884275.37
2017-12-09,16058.51,16274.5,13162.76,14915.82,14798.6,3111.74,1555.87,26719.91,4015.024999999998,4472.3425000000025,59550.72949241,891692709.56
2017-12-10,14916.42,15882.24,13180.0,15033.32,14549.75,2702.24,1351.12,27364.39,3795.7924999999996,4042.33,70189.31762905,1028536717.12
2017-12-11,15047.68,17408.72,14999.83,16710.26,16550.08,2408.89,1204.45,31011.63,5080.2249999999985,2225.612500000003,60455.21595043,1001202809.87
2017-12-12,16707.78,17639.63,16244.3,17150.74,16996.57,1395.33,697.67,32906.14,5444.477500000001,533.0974999999999,53335.840346080004,912389843.79
2017-12-13,17149.94,17438.79,15728.67,16401.83,16696.1,1710.12,855.06,31093.54,2626.032500000001,12.807499999998981,51660.16985705,866701276.24
2017-12-14,16395.94,16959.25,16025.14,16532.32,16488.74,934.11,467.05,32130.53,-135.6125000000029,-1072.5424999999977,33911.301230260004,561007624.3
2017-12-15,16534.6,17905.5,16498.48,17598.93,17405.9,1407.02,703.51,33790.84,1536.9675000000007,-3560.6975,52011.89424886,906436253.22
2017-12-16,17600.22,19543.53,17432.75,19388.16,18562.03,2110.78,1055.39,36665.55,4472.3425000000025,-4658.197500000002,37790.38203745001,704830330.31
2017-12-17,19385.6,19734.5,18700.24,19075.65,19237.15,1034.26,517.13,37117.03,4042.33,-5027.3499999999985,34868.65216679,673835260.67
2017-12-18,19076.95,19281.06,18103.18,18935.87,18684.56,1177.89,588.94,36693.86,2225.612500000003,-4963.607500000002,45504.78071504,851875279.61
2017-12-19,18936.7,19050.65,16770.16,17683.83,18015.2,2280.49,1140.25,33087.18,533.0974999999999,-1895.3999999999996,59467.37669368,1071897761.21
2017-12-20,17683.68,17853.62,15097.42,16414.63,16628.16,2756.21,1378.1,30073.06,12.807499999998981,-1017.9649999999965,87675.1039953,1460230876.08
2017-12-21,16423.96,17218.82,14886.88,15459.78,15938.36,2331.94,1165.97,28587.61,-1072.5424999999977,-976.5550000000003,55124.322060720006,883388162.61
2017-12-22,15448.72,15616.16,10871.23,14038.23,13399.53,4744.93,2372.46,23331.54,-3560.6975,409.9574999999986,175593.33621013997,2372325431.95
2017-12-23,14056.7,15884.59,13635.81,14729.97,14881.99,2248.78,1124.39,27211.15,-4658.197500000002,-2040.8799999999992,58735.06848785,877634601.34
2017-12-24,14731.13,14860.51,12716.65,14048.3,13750.92,2143.85,1071.93,25952.74,-5027.3499999999985,-149.14250000000175,48763.19861898,675140209.31
2017-12-25,14036.59,14636.5,13252.0,13972.26,13981.33,1384.5,692.25,26560.03,-4963.607500000002,-513.244999999999,29937.199042559998,420346696.27
2017-12-26,13991.16,16166.05,13896.15,15788.43,15419.8,2269.9,1134.95,29306.97,-1895.3999999999996,-1020.1474999999991,42904.09336167,662058717.85
2017-12-27,15786.9,16506.33,14543.49,15396.67,15487.13,1962.84,981.42,28830.5,-1017.9649999999965,-252.54750000000058,45864.7719285,710771467.83
2017-12-28,15397.34,15500.79,13560.62,14483.22,14248.84,1940.17,970.08,27026.28,-976.5550000000003,702.4375,56110.85592272,799368664.69
2017-12-29,14480.39,15119.52,14075.6,14448.19,14569.39,1043.93,521.97,27852.45,409.9574999999986,2502.2425000000003,37483.74501376,545915641.48
2017-12-30,14450.61,14523.46,12266.14,12689.09,13329.0,2257.32,1128.66,23120.85,-2040.8799999999992,4433.067499999999,57024.03923796,759980445.44
2017-12-31,12688.51,14277.5,12538.27,13899.16,13376.96,1739.23,869.61,26059.08,-149.14250000000175,2249.2925000000014,34133.35034933,457811181.48
