Date	index	open	high	low	close	weighted_price	high_low_spread	midquote_price	effective_spread	7_trailing	7_next_trailing	volume_btc	volume_currency
2016-01-01	31	431.35	435.88	428.22	433.66	432.87	7.66	3.83	859.65	-22.52617	20.2161725	8749.673804529999	3789078.83
2016-01-02	32	434.71	435.99	431.18	434.44	433.7	4.81	2.41	864.07	16.345	15.4125	6591.31005265	2862465.49
2016-01-03	33	434.02	434.53	424.06	429.88	429.01	10.47	5.24	849.28	5.9650025	19.1249975	9678.40218607	4157151.63
2016-01-04	34	430.43	435.12	428.82	433.01	432.4	6.3	3.15	859.72	10.8135375	16.58911	13463.971066299999	5832898.79
2016-01-05	35	432.75	435.14	429.5	432.35	432.15	5.64	2.82	859.06	0.0850000000001	3.425	10381.184702740002	4492484.21
2016-01-06	36	432.2	432.44	427.21	429.9	430.16	5.23	2.62	854.56	3.9828225	3.025425	12809.357390649999	5519290.27
2016-01-07	37	429.76	459.12	429.25	458.12	447.85	29.87	14.94	886.37	27.495885	-27.9421225	34986.55022838	15701270.82
2016-01-08	38	457.84	463.33	446.58	453.88	454.98	16.75	8.37	891.0	20.2161725	-93.27	21181.17940135	9636610.85
2016-01-09	39	453.13	456.18	447.84	449.85	451.66	8.34	4.17	891.36	15.4125	-61.6755	9862.74602773	4446701.08
2016-01-10	40	449.62	450.42	441.71	449.0	445.87	8.71	4.36	889.29	19.1249975	-68.599945	9171.05873846	4086285.83
2016-01-11	41	449.12	452.33	442.23	449.6	447.66	10.1	5.05	889.1	16.58911	-62.9626475	15308.55991041	6841769.21
2016-01-12	42	449.34	449.39	435.09	435.78	445.36	14.3	7.15	857.25	3.425	-57.777445	17392.02978945	7726570.96
2016-01-13	43	435.56	441.94	425.15	432.92	431.29	16.79	8.4	849.05	3.025425	-15.1054	22499.34819194	9683871.15
2016-01-14	44	432.57	435.1	427.29	430.18	431.58	7.81	3.9	852.54	-27.9421225	-19.7912625	11583.04211726	4996125.88
2016-01-15	45	430.15	430.39	360.55	360.6	396.38	69.84	34.92	651.37	-93.27	21.9675	82756.38009789001	32766859.67
2016-01-16	46	360.55	391.46	351.7	388.18	372.27	39.77	19.88	736.59	-61.6755	-1.752035	47563.95848401	17691066.86
2016-01-17	47	388.43	391.56	376.8	380.4	384.81	14.76	7.38	746.04	-68.599945	21.6124725	18566.791958529997	7126556.6
2016-01-18	48	380.46	388.53	373.84	386.64	382.76	14.7	7.35	758.58	-62.9626475	5.14	17931.68292457	6836719.39
2016-01-19	49	386.75	387.72	375.68	378.0	382.16	12.05	6.02	743.95	-57.777445	14.877445	18685.00036049	7117476.32
2016-01-20	50	377.9	424.19	373.18	417.82	400.78	51.01	25.5	784.63	-15.1054	-121.740025	47943.91869779	19176501.47
2016-01-21	51	418.56	423.4	404.9	410.38	413.35	18.49	9.25	802.28	-19.7912625	-125.54	22129.6365147	9135759.03
2016-01-22	52	409.84	411.55	374.58	382.57	391.52	36.97	18.49	728.17	21.9675	-98.57	34867.23065734	13625300.13
2016-01-23	53	382.84	395.72	381.55	386.42	388.72	14.17	7.09	758.68	-1.752035	-103.622465	15856.56911085	6167383.52
2016-01-24	54	387.15	406.24	386.39	402.01	398.73	19.85	9.92	784.18	21.6124725	-126.1575275	11898.99395688	4754297.73
2016-01-25	55	402.05	402.08	386.46	391.78	394.99	15.62	7.81	767.93	5.14	-113.23	18312.7909252	7223626.63
2016-01-26	56	391.69	399.78	388.13	392.88	393.72	11.65	5.83	774.1	14.877445	-113.09	17369.34200319	6824649.17
2016-01-27	57	293.73	297.71	293.09	296.08	295.82	4.62	2.31	587.53	-121.740025	-19.47	12045.962726900001	4750404.74
2016-01-28	58	295.95	296.36	282.87	284.85	287.57	13.49	6.75	556.2	-125.54	6.03	23693.307497370002	9078175.7
2016-01-29	59	284.57	288.38	272.81	284.0	281.58	15.57	7.79	552.43	-98.57	4.62	31228.2689569	11726498.06
2016-01-30	60	283.85	285.86	280.86	282.8	283.6	5.0	2.5	560.6	-103.622465	-1.49	7524.34639567	2845908.12
2016-01-31	61	283.11	285.29	273.55	275.86	281.52	11.74	5.87	539.97	-126.1575275	5.9025	12344.60013336	4637296.08
2016-02-01	62	276.01	284.09	274.67	278.54	279.31	9.42	4.71	547.67	-113.23	-0.2225	19554.07574691	7281621.36
2016-02-02	63	278.48	281.23	277.93	279.79	279.87	3.3	1.65	556.27	-113.09	-0.4075	15515.297481549998	5788358.59
2016-02-03	64	279.74	280.16	274.28	276.61	277.85	5.88	2.94	547.33	-19.47	7.4	17204.80118164	6372531.1
2016-02-04	65	276.66	293.12	276.52	290.88	285.89	16.61	8.3	565.14	6.03	-8.555	30541.367715399996	11646293.55
2016-02-05	66	290.84	292.18	287.42	288.62	289.89	4.76	2.38	572.48	4.62	-1.5925	17856.00148853	6901505.84
2016-02-06	67	288.65	288.7	277.84	281.31	282.06	10.86	5.43	551.76	-1.49	11.685	14872.64950285	5593824.98
2016-02-07	68	281.46	284.65	279.69	281.76	282.04	4.96	2.48	558.56	5.9025	22.5375	8455.69232977	3180629.11
2016-02-08	69	281.94	284.09	277.71	278.32	280.92	6.38	3.19	550.27	-0.2225	20.9775	17298.649144590003	6479564.04
2016-02-09	70	278.3	281.81	277.33	279.38	279.52	4.48	2.24	554.27	-0.4075	26.1625	19028.9682083	7090643.85
2016-02-10	71	279.59	287.26	278.89	284.01	282.77	8.38	4.19	559.64	7.4	27.335	24855.207217249997	9377459.31
2016-02-11	72	283.97	284.75	276.34	282.32	282.04	8.41	4.2	556.23	-8.555	33.4725	26343.47167889	9903313.17
2016-02-12	73	282.66	287.36	282.13	287.03	285.42	5.22	2.61	568.84	-1.5925	28.005	17568.90118483	6686004.87
2016-02-13	74	287.01	294.3	286.75	293.0	290.88	7.55	3.77	578.45	11.685	33.5975	14889.20671305	5774465.48
2016-02-14	75	293.22	304.8	293.12	304.29	298.54	11.69	5.84	596.9	22.5375	24.395	20556.714661590002	8189509.28
2016-02-15	76	304.37	306.88	295.62	299.3	301.52	11.25	5.62	587.35	20.9775	29.0075	17455.21491903	7017308.9
2016-02-16	77	299.45	305.86	296.05	305.54	302.84	9.81	4.91	601.27	26.1625	9.1575	17442.52978273	7042211.45
2016-02-17	78	305.54	315.6	303.87	311.34	311.12	11.73	5.86	610.96	27.335	6.09	24980.8772314	10364992.23
2016-02-18	79	311.35	318.08	310.62	315.79	314.77	7.46	3.73	624.12	33.4725	1.3525	18546.13170044	7785871.62
2016-02-19	80	315.78	316.42	311.25	315.04	314.39	5.17	2.59	624.9	28.005	8.115	14051.4252342	5890613.14
2016-02-20	81	315.17	332.72	314.89	326.6	324.69	17.83	8.92	635.36	33.5975	-2.91	24609.70527138	10650332.99
2016-02-21	82	327.02	335.85	319.36	328.69	327.68	16.49	8.24	640.9	24.395	-4.59	21121.54239061	9236228.08
2016-02-22	83	328.68	329.16	323.45	328.31	327.23	5.71	2.86	650.9	29.0075	-1.5425	12867.77263788	5616081.26
2016-02-23	84	328.21	330.1	310.93	314.7	319.06	19.17	9.58	610.23	9.1575	9.92	23102.422922830003	9824693.39
2016-02-24	85	314.78	318.53	307.54	317.43	315.39	10.99	5.5	623.87	6.09	-1.1925	17382.78226822	7308363.14
2016-02-25	86	317.92	319.68	312.95	317.14	316.45	6.73	3.37	627.56	1.3525	-2.4875	13717.138814500002	5790694.81
2016-02-26	87	317.24	323.15	314.03	323.15	317.81	9.12	4.56	637.18	8.115	-17.4625	13392.59969268	5675360.66
2016-02-27	88	323.35	325.67	321.7	323.68	323.53	3.98	1.99	643.39	-2.91	72.72025	10524.915549289999	4544408.38
2016-02-28	89	323.68	326.18	316.74	324.1	321.89	9.44	4.72	638.76	-4.59	79.09475	9934.705603030001	4269331.72
2016-02-29	90	323.62	330.56	321.89	326.76	326.73	8.66	4.33	644.86	-1.5425	85.395	19316.35300093	8418570.43
2016-03-01	91	327.18	328.02	320.44	324.62	324.57	7.58	3.79	641.66	9.92	87.175	17146.91927705	7420538.24
2016-03-02	92	324.79	326.0	314.93	316.24	321.57	11.07	5.54	621.4	-1.1925	96.1925	15553.921766880001	6674632.11
2016-03-03	93	315.94	317.59	310.07	314.66	314.19	7.52	3.76	621.79	-2.4875	101.3525	22251.369526399998	9313469.83
2016-03-04	94	314.63	317.18	304.73	305.69	312.31	12.45	6.22	598.93	-17.4625	113.95225	19785.08808098	8235088.14
2016-03-05	95	407.0	408.38	384.37	396.41	397.09	24.01	12.0	768.8	72.72025	13.3635	41684.486321749995	16561443.46
2016-03-06	96	396.3	410.03	388.97	403.19	401.51	21.06	10.53	785.33	79.09475	8.30025	17454.31054548	7019729.0
2016-03-07	97	403.38	415.49	399.17	412.16	408.36	16.32	8.16	808.0	85.395	2.65275	20704.51738886	8461163.5
2016-03-08	98	412.32	414.97	408.04	411.79	411.39	6.94	3.47	816.65	87.175	3.71	15898.093096510001	6542457.62
2016-03-09	99	411.66	413.9	408.3	412.43	410.97	5.6	2.8	819.27	96.1925	4.204	13051.87604471	5367674.29
2016-03-10	100	412.04	419.93	409.86	416.01	414.15	10.07	5.04	821.95	101.3525	2.793	20482.76685531	8481526.61
2016-03-11	101	416.09	422.02	415.22	419.64	419.26	6.8	3.4	832.48	113.95225	-11.0395	16634.70752573	6970888.97
2016-03-12	102	419.38	420.8	406.7	409.77	412.71	14.1	7.05	805.44	13.3635	-0.17125	18040.21745964	7446262.68
2016-03-13	103	410.01	415.76	409.3	411.49	411.91	6.46	3.23	816.53	8.30025	0.35725	11961.01582605	4929803.43
2016-03-14	104	411.92	415.8	410.32	414.81	413.23	5.48	2.74	824.14	2.65275	-2.97825	16501.45789614	6820090.14
2016-03-15	105	414.74	417.05	412.37	415.5	415.23	4.68	2.34	826.33	3.71	1.315	15261.048452219999	6337097.71
2016-03-16	106	415.58	417.1	413.31	416.64	415.29	3.79	1.89	829.49	4.204	0.381	14422.78256936	5988450.38
2016-03-17	107	416.72	420.45	416.08	418.8	418.69	4.37	2.19	833.24	2.793	-4.388	13519.575185349999	5657521.22
2016-03-18	108	419.07	419.38	403.09	408.6	411.49	16.3	8.15	800.9	-11.0395	7.12	23175.74050329	9530254.02
2016-03-19	109	408.42	410.5	404.96	409.6	408.09	5.54	2.77	813.65	-0.17125	7.43325	11085.45211563	4522790.31
2016-03-20	110	409.58	413.59	408.72	411.85	411.23	4.87	2.44	818.83	0.35725	13.0995	9680.621378700002	3980595.81
2016-03-21	111	411.46	412.58	407.16	411.83	410.09	5.42	2.71	818.25	-2.97825	10.9805	13147.97828251	5388802.8
2016-03-22	112	411.63	417.49	410.9	416.82	415.43	6.59	3.29	827.05	1.315	-0.725	15064.67181421	6258319.48
2016-03-23	113	417.07	418.57	413.82	417.02	416.36	4.75	2.38	829.28	0.381	-3.9445	15197.623122340001	6331271.37
2016-03-24	114	416.89	417.65	412.42	414.42	415.92	5.23	2.61	823.6	-4.388	1.2275	11382.0106328	4732214.15
2016-03-25	115	414.42	417.51	412.4	415.72	415.49	5.12	2.56	826.32	7.12	1.51475	10754.99738241	4465409.79
2016-03-26	116	415.82	417.54	414.68	417.03	416.35	2.85	1.43	831.21	7.43325	2.81175	7086.10352326	2950420.65
2016-03-27	117	417.12	427.7	416.06	424.95	422.96	11.64	5.82	838.26	13.0995	-5.2575	13301.17865619	5625694.89
2016-03-28	118	424.87	425.29	420.62	422.82	423.1	4.67	2.33	840.96	10.9805	-3.225	12723.697143	5379938.91
2016-03-29	119	422.83	425.33	407.02	416.09	416.4	18.31	9.15	813.88	-0.725	6.5775	18764.21930825	7806012.13
2016-03-30	120	415.58	416.01	408.7	413.07	412.69	7.3	3.65	818.84	-3.9445	8.8895	14609.938953129998	6029521.51
2016-03-31	121	413.24	418.04	412.54	415.64	415.49	5.5	2.75	825.78	1.2275	5.7575	13681.46212263	5683060.81
2016-04-01	122	415.79	417.69	414.36	417.23	416.4	3.33	1.66	831.14	1.51475	1.67775	11903.307796190002	4953537.06
2016-04-02	123	417.29	421.06	417.04	419.84	419.51	4.02	2.01	835.67	2.81175	-105.89775	8377.966854949998	3512001.39
2016-04-03	124	419.84	420.38	416.91	419.69	418.66	3.47	1.74	835.92	-5.2575	-103.63425	8752.747151849999	3661507.38
2016-04-04	125	419.46	420.5	416.63	419.59	418.72	3.87	1.94	835.31	-3.225	-102.05	12541.61434725	5249591.88
2016-04-05	126	419.24	423.56	418.23	422.67	421.67	5.33	2.67	840.01	6.5775	-102.6575	13709.28947165	5776554.45
2016-04-06	127	422.74	423.6	420.84	421.96	422.27	2.76	1.38	841.17	8.8895	-103.7005	12738.804372690001	5377551.19
2016-04-07	128	421.76	423.0	419.31	421.4	421.59	3.69	1.85	839.11	5.7575	3.68475	14394.48449035	6066195.37
2016-04-08	129	421.48	424.76	416.74	418.91	422.01	8.02	4.01	829.8	1.67775	10.67975	15862.424178559999	6688127.83
2016-04-09	130	314.15	314.81	310.63	313.94	312.98	4.19	2.09	623.7	-105.89775	116.5575	7966.492390120001	3323523.67
2016-04-10	131	314.04	317.17	313.4	316.06	315.55	3.77	1.88	628.35	-103.63425	112.0225	6423.44933785	2704406.8
2016-04-11	132	316.09	317.82	314.59	317.54	316.28	3.23	1.62	631.85	-102.05	111.1975	9837.14275114	4149754.0
2016-04-12	133	317.44	321.7	316.78	320.01	319.37	4.91	2.46	635.11	-102.6575	116.24925	14235.78398458	6061106.92
2016-04-13	134	319.95	320.79	316.96	318.26	318.78	3.82	1.91	632.7	-103.7005	123.46175	10987.30312968	4674323.01
2016-04-14	135	424.47	426.03	422.82	425.08	424.48	3.22	1.61	846.95	3.68475	25.98225	10186.56516272	4327422.47
2016-04-15	136	425.36	430.31	424.25	429.59	428.02	6.06	3.03	853.13	10.67975	18.33225	14880.40817322	6366064.46
2016-04-16	137	429.37	433.08	416.74	430.5	430.51	16.33	8.17	844.67	116.5575	21.578	9103.25981569	3922237.24
2016-04-17	138	430.83	431.77	414.16	428.08	428.56	17.61	8.8	838.56	112.0225	32.1625	7577.7928382	3253873.43
2016-04-18	139	427.91	430.67	426.79	428.74	428.34	3.88	1.94	853.59	111.1975	34.6155	13922.144108049999	5966581.99
2016-04-19	140	428.72	437.3	427.49	436.26	430.82	9.81	4.91	862.71	116.24925	32.09825	14535.695198989999	6264654.15
2016-04-20	141	436.11	443.82	434.55	441.72	439.0	9.27	4.63	874.18	123.46175	3.21125	23454.62983521	10294725.34
2016-04-21	142	441.81	452.57	440.52	451.07	445.56	12.04	6.02	890.09	25.98225	-1.1395	23449.34745202	10450886.14
2016-04-22	143	450.83	451.47	443.43	447.92	447.44	8.04	4.02	887.81	18.33225	9.37025	18781.24066621	8407048.86
2016-04-23	144	447.44	452.19	445.08	452.08	448.63	7.11	3.55	897.05	21.578	-1.78875	10400.98040202	4672523.28
2016-04-24	145	452.08	463.0	448.71	460.24	455.91	14.29	7.15	906.2	32.1625	-6.632	17648.858876	8069913.23
2016-04-25	146	460.25	470.24	454.44	463.35	462.54	15.8	7.9	910.9	34.6155	-18.40175	29055.616625789997	13440254.41
2016-04-26	147	463.93	470.31	462.65	468.36	466.78	7.66	3.83	929.06	32.09825	-16.9675	25162.62013986	11743620.57
2016-04-27	148	467.97	469.28	443.03	444.94	457.02	26.25	13.12	863.62	3.21125	2.69025	27640.72581353	12648923.98
2016-04-28	149	445.57	450.97	435.26	449.93	444.83	15.7	7.85	884.15	-1.1395	-0.9975	26319.753951450002	11700768.88
2016-04-29	150	450.27	457.52	446.68	457.29	452.04	10.83	5.42	903.76	9.37025	3.71275	14202.86503098	6425912.53
2016-04-30	151	457.36	457.7	447.79	450.29	453.45	9.91	4.96	890.67	-1.78875	9.271	12421.79682661	5639037.66
2016-05-01	152	450.33	454.68	448.35	453.61	452.22	6.33	3.17	900.89	-6.632	6.2295	6905.9246412600005	3127499.01
2016-05-02	153	453.88	454.64	439.85	444.95	445.67	14.79	7.4	875.11	-18.40175	16.99375	22170.53309305	9887589.75
2016-05-03	154	444.91	452.49	442.34	451.39	448.11	10.15	5.07	892.64	-16.9675	0.5275	19180.36649659	8596218.42
2016-05-04	155	451.54	451.97	445.57	447.63	448.2	6.4	3.2	888.85	2.69025	5.36975	12926.34708254	5795535.45
2016-05-05	156	447.77	450.21	446.45	448.93	448.32	3.76	1.88	894.1	-0.9975	6.6025	11430.32795524	5127237.61
2016-05-06	157	448.93	463.51	447.61	461.01	454.18	15.9	7.95	906.12	3.71275	-4.865	21016.067625249998	9550974.41
2016-05-07	158	460.42	462.09	457.86	459.56	459.86	4.23	2.12	914.89	9.271	-3.60975	7176.66333544	3302620.74
2016-05-08	159	459.62	461.63	456.35	459.84	458.92	5.28	2.64	914.4	6.2295	-1.63025	6457.96645685	2968048.32
2016-05-09	160	459.36	464.82	456.79	461.94	461.12	8.03	4.02	915.86	16.99375	-7.88525	16634.2349052	7668081.93
2016-05-10	161	462.1	463.42	448.06	451.92	455.59	15.36	7.68	888.48	0.5275	1.43075	17562.67245328	8001156.57
2016-05-11	162	451.81	456.68	450.82	453.0	453.78	5.86	2.93	900.13	5.36975	0.4875	16198.6832831	7354142.92
2016-05-12	163	453.01	455.57	448.61	455.53	451.69	6.95	3.48	904.11	6.6025	-20.39	13259.059838090001	5991561.28
2016-05-13	164	455.43	457.03	452.52	456.14	455.07	4.51	2.25	907.78	-4.865	-14.4865	14272.467453649999	6494995.63
2016-05-14	165	456.52	457.53	452.57	455.95	455.15	4.96	2.48	906.94	-3.60975	-13.19	7268.97468069	3312578.57
2016-05-15	166	455.87	459.61	452.59	458.21	456.79	7.02	3.51	909.4	-1.63025	-18.93975	5832.522894780001	2674011.19
2016-05-16	167	458.23	458.64	450.9	454.06	456.06	7.74	3.87	900.38	-7.88525	-10.27225	13537.080076500002	6179596.6
2016-05-17	168	453.79	455.73	451.77	453.35	453.73	3.96	1.98	902.74	1.43075	-8.22675	12471.74303381	5665650.32
2016-05-18	169	453.01	456.2	452.48	453.48	454.63	3.72	1.86	903.25	0.4875	-4.13	11760.38044943	5352121.86
2016-05-19	170	453.6	454.4	433.58	435.14	445.9	20.82	10.41	849.46	-20.39	18.08725	17852.641974989998	7983436.39
2016-05-20	171	434.7	444.28	433.27	441.66	440.56	11.01	5.51	872.3	-14.4865	30.374	13849.433708420001	6116534.41
2016-05-21	172	442.79	443.93	436.5	442.76	441.77	7.43	3.72	878.09	-13.19	78.59225	7941.37317782	3519863.28
2016-05-22	173	442.62	443.84	436.74	439.27	440.8	7.11	3.55	871.44	-18.93975	81.058	9732.77829489	4295921.06
2016-05-23	174	439.36	444.23	437.44	443.79	441.11	6.78	3.39	880.79	-10.27225	86.4075	13333.01349585	5888790.45
2016-05-24	175	443.5	446.66	441.37	445.12	444.78	5.29	2.64	884.96	-8.22675	86.3585	13065.849985519999	5818605.56
2016-05-25	176	445.06	450.2	444.76	449.35	448.07	5.44	2.72	893.26	-4.13	86.48625	12607.33078503	5658214.15
2016-05-26	177	449.23	453.6	446.97	453.23	450.84	6.62	3.31	899.83	18.08725	84.61325	12226.155328949999	5517262.74
2016-05-27	178	453.23	477.98	453.08	472.03	469.69	24.9	12.45	919.16	30.374	97.94475	34716.85740943	16332354.97
2016-05-28	179	471.67	535.1	465.17	521.36	495.78	69.93	34.96	972.78	78.59225	52.69675	43942.660158629995	21748623.46
2016-05-29	180	522.47	544.49	486.84	520.33	522.1	57.65	28.82	983.01	81.058	54.0755	29146.48697349	15205542.33
2016-05-30	181	521.64	538.78	516.17	530.19	530.07	22.6	11.3	1037.79	86.4075	54.925	19744.09534323	10461783.66
2016-05-31	182	530.4	546.31	516.53	531.48	534.56	29.77	14.89	1033.19	86.3585	46.7075	31508.99120124	16856134.85
2016-06-01	183	531.45	542.44	515.59	535.84	534.19	26.85	13.43	1044.83	86.48625	45.26875	17678.122398689997	9449291.34
2016-06-02	184	535.88	540.61	531.67	537.84	535.62	8.94	4.47	1066.75	84.61325	38.318	17011.09160719	9116833.17
2016-06-03	185	537.81	577.32	536.51	569.98	559.94	40.81	20.41	1099.14	97.94475	9.0475	33647.76755983	18819331.1
2016-06-04	186	570.23	590.56	561.83	574.05	575.05	28.73	14.37	1119.37	52.69675	36.581	20531.93488718	11808024.41
2016-06-05	187	574.37	583.51	568.01	574.41	575.88	15.5	7.75	1133.31	54.0755	97.50725	13729.715685600002	7901623.22
2016-06-06	188	574.12	586.68	574.08	585.12	582.8	12.6	6.3	1157.64	54.925	119.93475	16549.4412426	9648111.53
2016-06-07	189	585.15	591.33	542.64	578.19	579.21	48.69	24.35	1107.69	46.7075	107.23	24328.949311149998	14101091.44
2016-06-08	190	578.33	582.15	572.53	581.11	578.25	9.62	4.81	1152.6	45.26875	115.3375	11456.70825655	6629930.06
2016-06-09	191	582.35	583.01	572.88	576.16	577.39	10.14	5.07	1142.19	38.318	190.481	12908.112455310002	7455861.53
2016-06-10	192	576.75	580.96	573.08	579.02	577.7	7.88	3.94	1150.17	9.0475	170.115	14157.689987070002	8177816.24
2016-06-11	193	579.09	611.14	578.48	610.63	590.3	32.67	16.33	1188.6	36.581	145.76975	15416.230045119999	9099801.89
2016-06-12	194	610.56	683.44	605.06	671.91	643.74	78.39	39.19	1265.44	97.50725	92.00675	46355.83819215	29871941.89
2016-06-13	195	671.5	721.51	658.54	705.05	692.81	62.97	31.48	1347.14	119.93475	18.41525	50895.95446153	35271533.9
2016-06-14	196	704.72	705.15	653.31	685.42	683.16	51.83	25.92	1319.01	107.23	-18.25375	34271.82114752	23410848.74
2016-06-15	197	684.99	697.42	672.51	696.44	685.53	24.91	12.45	1367.98	115.3375	-92.9485	20197.65768674	13846499.22
2016-06-16	198	696.69	775.2	695.28	766.64	739.92	79.91	39.96	1453.37	190.481	-140.08825	53318.47023957	39418718.31
2016-06-17	199	767.81	777.61	708.36	749.14	744.88	69.24	34.62	1429.03	170.115	-81.67925	43352.44648816	32284080.23
2016-06-18	200	749.08	781.29	728.41	756.4	758.29	52.88	26.44	1459.93	145.76975	-88.34925	25629.894386080003	19435963.29
2016-06-19	201	756.35	766.71	742.6	763.92	755.67	24.11	12.06	1503.73	92.00675	-131.58	16016.907715640002	12091972.22
2016-06-20	202	762.46	765.44	718.05	723.47	744.71	47.39	23.69	1399.55	18.41525	-64.22775	27457.17525451	20429715.87
2016-06-21	203	722.39	727.36	628.77	667.17	674.71	98.6	49.3	1235.73	-18.25375	-19.64325	80086.83455946	54027895.08
2016-06-22	204	666.29	679.22	581.88	603.5	639.39	97.34	48.67	1109.65	-92.9485	35.69075	49122.8147001	31373557.92
2016-06-23	205	602.88	634.41	413.6	626.55	592.32	220.81	110.41	1032.3	-140.08825	44.68225	60885.61339457	36039575.11
2016-06-24	206	626.29	706.62	625.64	667.46	661.11	80.98	40.49	1253.94	-81.67925	8.67425	51492.165192739994	34046294.71
2016-06-25	207	667.22	694.56	643.41	668.05	673.99	51.15	25.57	1284.96	-88.34925	34.73175	21927.15875495	14766442.1
2016-06-26	208	667.61	670.0	616.3	632.34	638.4	53.7	26.85	1210.98	-131.58	27.0025	20361.36776281	12971185.68
2016-06-27	209	632.35	660.04	624.04	659.24	642.37	36.0	18.0	1282.48	-64.22775	20.6205	27887.05180416	17876243.85
2016-06-28	210	659.79	664.05	637.27	647.52	649.08	26.78	13.39	1268.27	-19.64325	21.5345	28558.97325419	18504324.39
2016-06-29	211	646.62	646.99	622.81	639.19	634.88	24.18	12.09	1254.19	35.69075	37.51275	57756.96629462	36715361.84
2016-06-30	212	638.73	674.1	633.25	671.24	660.74	40.86	20.43	1301.61	44.68225	-31.221	36733.989875269996	24309808.1
2016-07-01	213	670.92	687.42	664.75	676.13	677.39	22.67	11.34	1329.59	8.67425	-9.541	30645.16674271	20765738.07
2016-07-02	214	676.2	703.87	675.22	702.78	690.99	28.65	14.33	1376.92	34.73175	-50.6675	18765.3717535	12967783.51
2016-07-03	215	703.27	703.9	647.8	659.34	673.35	56.1	28.05	1262.58	27.0025	-9.0	21341.833158399997	14358343.5
2016-07-04	216	659.9	683.8	645.76	679.86	671.55	38.03	19.01	1321.7	20.6205	-29.37025	15093.975424799999	10139542.58
2016-07-05	217	680.25	682.67	661.68	669.06	672.78	21.0	10.5	1317.12	21.5345	-4.075	13347.812275969998	8985273.41
2016-07-06	218	669.26	680.54	665.26	676.7	673.76	15.28	7.64	1338.12	37.51275	-21.7	13584.648315179998	9151827.42
2016-07-07	219	677.14	680.96	609.85	640.02	638.25	71.11	35.56	1208.92	-31.221	20.945	40689.93104313	26027783.18
2016-07-08	220	640.38	667.83	636.23	666.59	649.07	31.6	15.8	1301.58	-9.541	-1.349	23681.18942924	15368606.25
2016-07-09	221	666.61	666.91	620.35	652.12	649.24	46.56	23.28	1257.67	-50.6675	12.075	53106.536492579995	34511687.44
2016-07-10	222	652.04	654.1	640.01	650.34	647.57	14.09	7.04	1286.6	-9.0	28.7575	26108.30657093	16911095.52
2016-07-11	223	650.96	662.31	644.59	650.49	651.47	17.72	8.86	1283.26	-29.37025	23.445	13197.84595909	8605331.59
2016-07-12	224	650.54	676.02	647.37	664.98	660.6	28.65	14.32	1301.32	-4.075	8.8355	29816.59408391	19653867.97
2016-07-13	225	664.77	670.04	653.69	655.0	662.87	16.36	8.18	1293.64	-21.7	11.82525	54755.55611186	36349038.23
2016-07-14	226	653.92	664.7	648.02	660.96	659.52	16.68	8.34	1305.24	20.945	4.7425	18348.53672298	12098653.7
2016-07-15	227	660.87	669.22	659.56	665.24	664.63	9.66	4.83	1320.83	-1.349	-13.465	21584.206198199998	14340052.65
2016-07-16	228	665.42	668.26	658.81	664.19	664.14	9.45	4.72	1318.94	12.075	-7.508	7581.599398140001	5037308.69
2016-07-17	229	664.16	681.3	662.82	679.1	672.8	18.47	9.24	1339.73	28.7575	-17.1885	11113.16801605	7473842.95
2016-07-18	230	678.46	683.62	667.65	673.94	676.73	15.97	7.99	1331.9	23.445	-19.106	16053.633605970002	10857066.54
2016-07-19	231	673.84	676.33	666.57	673.82	671.99	9.76	4.88	1337.88	8.8355	-21.508	8041.058744150001	5404543.32
2016-07-20	232	674.01	675.18	661.9	666.83	668.89	13.28	6.64	1320.37	11.82525	-11.0105	10540.83767968	7050077.86
2016-07-21	233	666.97	668.19	660.14	665.7	664.99	8.05	4.03	1323.35	4.7425	-10.165	10007.77511594	6654829.42
2016-07-22	234	665.35	668.26	645.69	651.78	657.9	22.57	11.29	1280.98	-13.465	4.545	17628.47139967	11603060.34
2016-07-23	235	651.33	658.81	648.75	656.68	654.53	10.05	5.03	1303.32	-7.508	-1.447	17575.91143609	11505235.17
2016-07-24	236	656.71	666.07	652.75	661.91	658.69	13.33	6.66	1310.5	-17.1885	-34.819	16345.1650437	10742375.36
2016-07-25	237	661.02	663.4	652.69	654.83	656.66	10.71	5.35	1298.95	-19.106	-49.71625	11818.15523328	7761931.35
2016-07-26	238	655.45	658.09	644.63	652.31	652.45	13.46	6.73	1291.16	-21.508	-112.8125	14627.27530867	9549458.99
2016-07-27	239	652.38	660.58	647.39	655.81	654.44	13.19	6.6	1298.44	-11.0105	-87.46225	17774.38992465	11630395.78
2016-07-28	240	656.14	659.46	653.14	655.54	656.26	6.32	3.16	1304.75	-10.165	-73.66175	7313.8193358	4801106.85
2016-07-29	241	655.86	658.58	652.36	656.32	655.7	6.22	3.11	1306.42	4.545	-79.5325	7578.98632556	4972500.78
2016-07-30	242	656.43	658.21	652.37	655.24	655.67	5.84	2.92	1304.64	-1.447	-64.598	4655.3465588300005	3055390.64
2016-07-31	243	654.57	655.61	621.58	627.09	635.42	34.02	17.01	1220.16	-34.819	-32.7125	21637.36378223	13764689.9
2016-08-01	244	627.0	630.53	602.16	605.12	619.52	28.37	14.18	1181.86	-49.71625	-12.9825	22093.3639417	13694592.87
2016-08-02	245	605.51	613.03	477.32	539.5	559.96	135.71	67.86	943.28	-112.8125	45.545	60145.21566906001	33601700.37
2016-08-03	246	540.01	572.66	520.29	568.35	549.33	52.37	26.19	1084.33	-87.46225	24.11	54008.40554322	29735757.47
2016-08-04	247	567.93	590.08	560.25	581.88	576.31	29.83	14.91	1133.92	-73.66175	5.27675	25854.961367509997	14899850.65
2016-08-05	248	582.53	585.04	566.8	576.79	573.88	18.24	9.12	1135.34	-79.5325	10.43	16249.534918209998	9326683.5
2016-08-06	249	576.87	593.21	568.68	590.64	578.57	24.54	12.27	1156.74	-64.598	-5.317	30670.324635420002	17643293.95
2016-08-07	250	590.94	601.1	581.11	594.38	592.64	19.99	10.0	1168.77	-32.7125	-22.605	19624.792922710003	11633235.69
2016-08-08	251	594.33	595.43	586.64	592.13	591.38	8.79	4.4	1175.47	-12.9825	-25.14275	11355.04441783	6718615.02
2016-08-09	252	592.18	592.84	583.08	585.04	587.45	9.76	4.88	1160.32	45.545	-7.3425	12781.233271340001	7511144.83
2016-08-10	253	585.09	602.46	582.22	592.46	592.48	20.24	10.12	1164.68	24.11	-19.335	21716.10887448	12860946.26
2016-08-11	254	592.12	598.74	586.57	587.15	592.65	12.18	6.09	1162.13	5.27675	-13.3375	15029.557333980001	8910066.65
2016-08-12	255	587.5	590.96	581.94	587.22	586.88	9.02	4.51	1165.42	10.43	-13.785	10033.90661347	5889319.91
2016-08-13	256	586.52	590.11	583.22	585.32	586.78	6.89	3.45	1163.75	-5.317	-4.5225	6192.46456565	3635386.69
2016-08-14	257	585.02	585.38	562.33	571.78	574.82	23.05	11.52	1120.5	-22.605	8.4775	16075.576081129999	9258356.72
2016-08-15	258	571.82	575.42	559.43	566.99	568.17	15.98	7.99	1118.0	-25.14275	17.5325	12551.28254654	7125634.93
2016-08-16	259	566.9	582.63	565.22	577.7	574.13	17.41	8.7	1137.99	-7.3425	4.245	14581.54733112	8357338.68
2016-08-17	260	577.63	580.13	568.81	573.13	574.28	11.32	5.66	1134.94	-19.335	6.13725	18804.21323392	10807884.43
2016-08-18	261	573.23	577.52	571.1	573.82	574.02	6.41	3.21	1141.22	-13.3375	2.285	24340.38524982	13968931.05
2016-08-19	262	573.07	576.91	567.54	573.43	573.81	9.37	4.68	1137.5	-13.785	5.49	14280.83891025	8190171.19
2016-08-20	263	573.73	582.84	571.62	580.8	577.05	11.22	5.61	1150.38	-4.5225	-11.125	16809.24205063	9684446.45
2016-08-21	264	580.31	584.78	578.0	580.25	580.9	6.77	3.39	1153.73	8.4775	-5.71425	17201.85521553	10001982.61
2016-08-22	265	580.22	587.92	577.64	584.52	583.23	10.27	5.14	1158.77	17.5325	-11.282	14204.58555185	8270739.59
2016-08-23	266	584.67	587.01	577.86	581.94	582.62	9.15	4.57	1154.74	4.245	-5.405	14871.14168837	8660148.9
2016-08-24	267	582.46	583.73	576.86	579.26	579.78	6.87	3.43	1151.66	6.13725	-6.56975	11073.35152484	6414009.98
2016-08-25	268	579.02	579.87	571.85	576.1	575.14	8.02	4.01	1144.18	2.285	-4.0225	11996.81524294	6900158.28
2016-08-26	269	576.14	580.52	574.26	578.92	577.72	6.26	3.13	1151.59	5.49	-4.2425	8887.53933302	5134950.46
2016-08-27	270	578.66	579.13	566.26	569.68	572.19	12.87	6.44	1126.48	-11.125	28.45	8834.74241425	5056044.54
2016-08-28	271	569.2	575.8	568.3	574.54	572.01	7.5	3.75	1141.57	-5.71425	33.46675	5150.55124726	2945953.49
2016-08-29	272	575.53	577.44	570.21	573.24	574.4	7.23	3.62	1139.25	-11.282	33.088	9019.85465615	5177700.01
2016-08-30	273	572.38	578.22	571.12	576.54	575.51	7.1	3.55	1145.98	-5.405	34.89525	11180.26123344	6427113.93
2016-08-31	274	576.1	576.9	569.52	572.7	572.79	7.38	3.69	1138.01	-6.56975	43.13875	13713.43481458	7852884.04
2016-09-01	275	572.69	573.83	568.2	572.08	571.24	5.63	2.81	1138.53	-4.0225	55.16975	11677.967492920001	6669243.3
2016-09-02	276	571.9	576.18	567.77	574.68	572.52	8.4	4.2	1140.96	-4.2425	48.445	10264.42240527	5879707.09
2016-09-03	277	574.62	600.56	571.9	598.12	583.05	28.65	14.33	1167.6	28.45	25.05725	46285.87801428999	26676342.05
2016-09-04	278	598.41	613.1	594.83	608.0	604.11	18.28	9.14	1197.73	33.46675	-0.771	20123.14111191	12109802.96
2016-09-05	279	609.3	610.05	598.67	606.33	604.61	11.38	5.69	1201.28	33.088	1.93075	21626.337706849998	13058117.65
2016-09-06	280	606.69	612.39	603.85	611.44	608.41	8.54	4.27	1214.33	34.89525	-1.698	10767.309059309999	6547627.76
2016-09-07	281	611.8	617.03	607.27	615.83	612.65	9.76	4.88	1221.9	43.13875	-5.731	12516.906910610001	7665820.68
2016-09-08	282	615.7	631.21	613.46	627.25	623.47	17.75	8.88	1236.74	55.16975	-20.18175	13984.28683759	8713513.81
2016-09-09	283	626.38	627.89	617.28	623.13	622.32	10.62	5.31	1235.64	48.445	-16.0275	10993.393080329999	6835548.97
2016-09-10	284	623.01	626.29	620.4	623.18	623.18	5.88	2.94	1240.48	25.05725	-17.03475	12765.2245983	7939789.0
2016-09-11	285	623.14	630.48	594.57	607.23	611.39	35.9	17.95	1178.56	-0.771	2.79575	12638.71546317	7720601.6
2016-09-12	286	607.45	610.04	603.87	608.26	607.01	6.17	3.08	1210.35	1.93075	0.57075	24481.89739471	14833459.36
2016-09-13	287	607.88	611.65	605.3	609.74	608.36	6.35	3.17	1213.13	-1.698	-6.49475	37796.606882550004	22947891.15
2016-09-14	288	608.76	612.51	607.7	610.1	609.89	4.8	2.4	1215.4	-5.731	-13.10775	10180.68228985	6201062.47
2016-09-15	289	609.71	610.91	605.05	607.07	608.49	5.85	2.93	1208.28	-20.18175	-11.69725	8854.2923059	5378364.86
2016-09-16	290	607.78	609.8	604.58	607.1	607.75	5.22	2.61	1208.98	-16.0275	-4.5505	9222.17107263	5598732.82
2016-09-17	291	607.94	608.64	603.56	606.15	606.19	5.08	2.54	1207.21	-17.03475	-4.01775	5596.05487104	3393349.33
2016-09-18	292	606.64	611.12	605.37	610.03	608.61	5.75	2.88	1214.3	2.79575	-9.84775	5613.996153640001	3415817.08
2016-09-19	293	610.14	611.59	605.61	608.83	608.7	5.98	2.99	1211.68	0.57075	-1.3775	7840.794096320001	4771343.41
2016-09-20	294	609.35	609.95	603.24	603.24	607.95	6.71	3.35	1199.78	-6.49475	2.02875	9437.453395229999	5737329.39
2016-09-21	295	602.64	602.68	592.37	597.0	596.43	10.31	5.16	1183.68	-13.10775	7.57725	12308.743516659999	7340361.86
2016-09-22	296	596.76	598.3	594.15	595.37	596.41	4.15	2.07	1186.59	-11.69725	10.7915	9680.2204775	5771509.71
2016-09-23	297	595.32	603.41	594.29	602.55	599.23	9.12	4.56	1195.97	-4.5505	7.2005	9860.64921189	5904017.93
2016-09-24	298	602.29	605.21	600.25	602.13	602.83	4.96	2.48	1199.3	-4.01775	12.209	4567.70851447	2754086.5
2016-09-25	299	601.68	603.55	597.83	600.18	600.43	5.71	2.86	1194.65	-9.84775	10.79475	4546.68481341	2732726.7
2016-09-26	300	600.17	607.93	598.52	607.45	604.55	9.41	4.71	1205.49	-1.3775	5.297	10905.8225003	6591316.03
2016-09-27	301	607.5	608.09	600.95	605.27	605.02	7.13	3.57	1203.41	2.02875	4.65875	9677.95349937	5852888.01
2016-09-28	302	605.65	606.1	602.28	604.57	604.45	3.82	1.91	1205.32	7.57725	7.61425	7119.39365307	4302197.0
2016-09-29	303	604.55	607.27	603.11	606.16	605.39	4.16	2.08	1208.16	10.7915	6.12175	8495.41885054	5139608.96
2016-09-30	304	606.13	609.79	604.09	609.75	606.26	5.7	2.85	1213.8	7.2005	7.58475	9239.4321767	5598666.24
2016-10-01	305	609.74	616.09	609.61	614.34	613.18	6.48	3.24	1222.2	12.209	3.88125	6226.08249584	3817733.22
2016-10-02	306	614.33	614.9	607.24	610.98	610.55	7.66	3.83	1214.3	10.79475	4.65825	5554.564089030001	3394134.07
2016-10-03	307	610.95	613.85	609.21	612.75	611.9	4.64	2.32	1220.86	5.297	5.058	8302.10676536	5081430.55
2016-10-04	308	613.13	613.24	607.09	609.93	609.66	6.15	3.08	1213.71	4.65875	31.27875	9329.23244507	5686223.82
2016-10-05	309	609.93	614.1	608.2	612.19	611.61	5.9	2.95	1218.47	7.61425	23.4585	8531.29996262	5215916.99
2016-10-06	310	612.08	613.33	609.83	612.28	611.97	3.5	1.75	1221.06	6.12175	22.59425	7439.49667691	4550582.94
2016-10-07	311	611.5	619.64	609.89	617.33	614.83	9.75	4.87	1224.92	7.58475	21.80025	12411.51000278	7625327.02
2016-10-08	312	617.36	619.94	616.08	618.22	617.87	3.86	1.93	1232.58	3.88125	20.36475	4545.5702883	2809536.04
2016-10-09	313	617.83	618.46	614.21	615.64	616.59	4.25	2.12	1227.02	4.65825	25.64	4324.706974299999	2667093.54
2016-10-10	314	615.34	618.51	614.34	617.81	616.57	4.17	2.08	1231.45	5.058	20.7415	8758.72711612	5400618.18
2016-10-11	315	617.92	643.28	616.59	641.21	631.77	26.69	13.35	1255.72	31.27875	-5.17625	18579.390969250002	11731967.17
2016-10-12	316	640.48	641.95	632.36	635.64	637.71	9.59	4.8	1261.7	23.4585	-5.9525	10339.4003009	6593515.22
2016-10-13	317	635.53	638.78	631.29	634.88	635.54	7.5	3.75	1262.26	22.59425	-5.42825	10423.3684092	6626193.42
2016-10-14	318	635.32	641.16	630.1	639.14	636.94	11.06	5.53	1267.21	21.80025	-7.675	9548.685603330001	6071786.67
2016-10-15	319	639.14	642.84	636.32	638.58	640.34	6.53	3.26	1270.64	20.36475	16.036	3376.1800695700003	2160341.25
2016-10-16	320	638.44	643.31	637.73	641.28	640.91	5.58	2.79	1276.97	25.64	9.70075	4498.38868287	2882720.46
2016-10-17	321	641.01	642.25	635.43	638.55	638.45	6.82	3.41	1270.28	20.7415	11.201	11799.22995261	7526959.53
2016-10-18	322	638.57	638.98	632.94	636.03	636.52	6.03	3.02	1266.03	-5.17625	17.89225	10111.71897759	6435004.14
2016-10-19	323	636.02	638.04	624.97	629.69	631.99	13.07	6.54	1246.31	-5.9525	45.162	13958.57476989	8818655.97
2016-10-20	324	629.66	631.48	626.4	629.45	629.04	5.09	2.54	1253.81	-5.42825	57.6145	9409.16441482	5916397.84
2016-10-21	325	629.15	634.59	628.32	631.46	631.03	6.27	3.14	1256.65	-7.675	57.4225	11705.362113789999	7379431.1
2016-10-22	326	631.49	658.46	628.83	654.62	645.22	29.63	14.82	1279.61	16.036	59.14175	14351.921123510001	9244955.27
2016-10-23	327	655.26	657.7	647.64	650.98	652.88	10.06	5.03	1291.89	9.70075	46.6635	6726.71978847	4387572.13
2016-10-24	328	650.36	653.52	644.11	649.75	649.33	9.4	4.7	1290.1	11.201	47.94725	12282.06667231	7965925.07
2016-10-25	329	650.13	659.66	647.9	653.92	654.82	11.75	5.88	1296.1	17.89225	76.35875	19276.87319256	12608193.52
2016-10-26	330	653.91	677.44	653.24	674.85	666.53	24.2	12.1	1325.51	45.162	69.313	20353.155523660003	13554942.53
2016-10-27	331	674.7	687.92	671.37	687.06	681.7	16.55	8.27	1357.58	57.6145	1.99775	14848.884564839998	10130129.74
2016-10-28	332	686.97	690.14	681.36	688.88	686.63	8.78	4.39	1368.98	57.4225	15.879	12351.587434649999	8479293.81
2016-10-29	333	689.04	720.91	687.9	713.76	707.11	33.01	16.51	1394.51	59.14175	-8.0105	14494.15840136	10260599.29
2016-10-30	334	712.83	713.19	690.63	697.64	702.37	22.56	11.28	1372.72	46.6635	16.465	11615.96165674	8160453.39
2016-10-31	335	697.11	708.47	682.84	697.7	698.45	25.63	12.81	1369.77	47.94725	7.7315	12946.551712299999	9038097.6
2016-11-01	336	697.72	737.25	696.6	730.28	723.41	40.65	20.32	1419.92	76.35875	-19.426	19053.3464967	13771988.71
2016-11-02	337	730.09	744.17	720.63	744.17	727.99	23.53	11.77	1464.8	69.313	-22.4875	13795.0932053	10033214.85
2016-11-03	338	744.42	746.78	672.9	689.06	710.12	73.88	36.94	1304.24	1.99775	24.76525	32276.191475599997	22943570.02
2016-11-04	339	689.15	708.75	683.04	704.76	699.14	25.71	12.86	1383.81	15.879	11.9985	16420.197474059998	11473622.59
2016-11-05	340	704.76	709.5	697.43	705.75	704.08	12.07	6.04	1399.43	-8.0105	-1.957	7406.467020159999	5213101.86
2016-11-06	341	705.84	718.34	702.48	714.1	710.92	15.86	7.93	1412.34	16.465	-11.49675	8039.30990022	5712257.97
2016-11-07	342	713.62	713.79	700.43	705.43	705.95	13.36	6.68	1397.5	7.7315	1.06475	9527.40544808	6725237.09
2016-11-08	343	704.6	715.3	702.9	710.86	708.88	12.41	6.2	1409.31	-19.426	0.905	11837.603755199998	8385038.35
2016-11-09	344	710.71	742.84	708.3	721.68	728.99	34.55	17.27	1408.81	-22.4875	19.46075	27964.718804969998	20394355.89
2016-11-10	345	721.66	723.32	706.75	713.82	714.44	16.57	8.29	1411.08	24.76525	21.2725	14074.232570360002	10054238.14
2016-11-11	346	713.75	719.5	712.49	716.76	715.62	7.02	3.51	1426.5	11.9985	33.208	9079.63763138	6497168.15
2016-11-12	347	716.8	717.48	702.28	703.8	707.97	15.19	7.6	1392.4	-1.957	47.3775	7450.341438789999	5274719.03
2016-11-13	348	703.51	705.48	685.7	702.61	695.34	19.77	9.89	1385.44	-11.49675	26.84675	13887.83892759	9652604.31
2016-11-14	349	702.7	708.13	697.7	706.49	702.68	10.44	5.22	1402.55	1.06475	30.7965	16317.97075247	11458675.11
2016-11-15	350	706.9	716.71	696.09	711.76	710.81	20.62	10.31	1402.91	0.905	36.615	14851.24454552	10548790.76
2016-11-16	351	711.49	744.79	709.5	741.14	730.78	35.3	17.65	1446.98	19.46075	0.43675	26666.01619836	19473290.2
2016-11-17	352	740.64	754.61	732.38	735.1	744.77	22.23	11.11	1447.97	21.2725	2.5425	22526.33471897	16782596.84
2016-11-18	353	735.0	752.3	731.33	749.97	745.14	20.97	10.49	1478.97	33.208	-10.148	13358.079993170002	9946985.42
2016-11-19	354	749.97	756.12	738.82	751.17	748.49	17.3	8.65	1485.05	47.3775	-17.765	6971.50052175	5217914.5
2016-11-20	355	751.01	754.52	714.05	729.45	733.39	40.47	20.23	1418.44	26.84675	-0.59925	12919.60800264	9472450.35
2016-11-21	356	729.95	739.88	728.81	737.29	735.49	11.08	5.54	1463.5	30.7965	-5.64	11221.221425560001	8251548.7
2016-11-22	357	737.33	750.35	731.38	748.38	742.49	18.97	9.48	1477.79	36.615	-16.5825	14080.425301709998	10449317.49
2016-11-23	358	748.42	748.97	732.18	741.58	740.89	16.79	8.39	1466.37	0.43675	0.709	11183.79826594	8281969.05
2016-11-24	359	741.5	743.6	728.85	737.64	736.12	14.75	7.38	1460.53	2.5425	15.32725	9080.099652609999	6681404.25
2016-11-25	360	737.86	740.1	729.46	739.82	735.35	10.63	5.32	1469.01	-10.148	31.18475	8335.488310550001	6122435.69
2016-11-26	361	739.8	740.27	725.12	733.41	732.37	15.14	7.57	1451.67	-17.765	31.07125	6502.77270934	4759861.67
2016-11-27	362	733.15	736.71	726.64	728.85	731.68	10.07	5.03	1447.64	-0.59925	37.6425	7326.201965440001	5351077.82
2016-11-28	363	729.3	735.34	727.98	731.65	731.82	7.35	3.68	1455.95	-5.64	19.68725	11230.50372535	8208903.86
2016-11-29	364	732.12	734.71	727.31	731.8	732.04	7.4	3.7	1456.19	-16.5825	26.33075	12006.767116250001	8779188.82
2016-11-30	365	731.93	745.44	729.7	742.29	739.13	15.74	7.87	1468.83	0.709	22.2305	14386.13726896	10626739.55
2016-12-01	366	742.35	754.95	741.28	752.97	749.57	13.68	6.84	1492.26	15.32725	14.3020833333	13153.00953765	9857114.49
2016-12-02	367	753.35	779.45	752.66	771.0	767.07	26.79	13.4	1515.22	31.18475	-0.572083333333	18851.75573768	14462603.92
2016-12-03	368	771.52	772.08	756.77	764.48	765.28	15.31	7.65	1513.65	31.07125	8.58458333333	7148.7760267	5467960.05
2016-12-04	369	765.25	768.2	759.81	766.5	764.17	8.38	4.19	1524.61	37.6425	2.78283333333	7402.26522809	5647196.45
2016-12-05	370	766.48	766.9	745.75	751.34	753.05	21.15	10.57	1481.53	19.68725	26.0074166667	13779.80320739	10371888.75
2016-12-06	371	750.94	759.41	750.07	758.13	756.27	9.34	4.67	1506.91	26.33075	18.2309166667	11846.40290474	8954635.2
2016-12-07	372	758.94	769.37	753.01	764.52	762.76	16.36	8.18	1512.68	22.2305	12.3393333333	8150.93829993	6213442.92
2016-12-08	373	764.27	774.49	762.17	767.27	769.25	12.32	6.16	1522.22	14.3020833333	9.08066666667	7492.2071666599995	5758956.27
2016-12-09	374	767.45	774.37	766.26	770.43	770.75	8.11	4.05	1532.76	-0.572083333333	12.2106666667	6299.82483795	4852901.53
2016-12-10	375	771.07	775.7	769.8	773.06	773.43	5.9	2.95	1540.22	8.58458333333	17.043	3339.44373185	2581688.04
2016-12-11	376	773.23	773.23	763.07	769.28	767.2	10.17	5.08	1528.39	2.78283333333	20.9866666667	2433.8310761800003	1867787.82
2016-12-12	377	769.16	780.1	768.28	777.34	775.79	11.81	5.91	1542.88	26.0074166667	13.5753333333	6901.05390217	5349697.15
2016-12-13	378	777.49	789.64	766.76	776.36	778.81	22.88	11.44	1529.83	18.2309166667	22.973	7228.36984837	5627322.0
2016-12-14	379	776.32	780.79	771.84	776.86	777.35	8.95	4.47	1544.76	12.3393333333	54.2803333333	4432.34758238	3444184.24
2016-12-15	380	776.84	779.51	773.89	776.35	777.32	5.61	2.81	1547.09	9.08066666667	83.3033333333	4784.11194111	3716927.5
2016-12-16	381	776.6	783.22	773.1	782.64	779.56	10.12	5.06	1555.17	12.2106666667	132.866666667	6189.21856009	4821875.61
2016-12-17	382	782.64	791.96	782.16	790.11	788.23	9.8	4.9	1570.42	17.043	103.400333333	3524.53469124	2774326.17
2016-12-18	383	790.04	791.69	783.64	790.27	788.23	8.05	4.03	1572.48	20.9866666667	104.896	3838.9422934500003	3022866.52
2016-12-19	384	789.38	793.58	788.5	790.92	790.87	5.08	2.54	1576.76	13.5753333333	110.667	5411.86733573	4281527.42
2016-12-20	385	790.64	802.98	788.36	799.33	793.23	14.62	7.31	1584.04	22.973	132.450333333	6426.39362636	5098334.67
2016-12-21	386	799.23	831.88	796.66	831.14	817.16	35.22	17.61	1627.06	54.2803333333	146.763666667	14491.60385677	11835066.79
2016-12-22	387	830.9	876.0	827.3	859.65	856.58	48.7	24.35	1670.61	83.3033333333	112.31	23392.70281154	20029493.85
2016-12-23	388	859.34	920.03	858.98	915.51	898.14	61.05	30.52	1769.97	132.866666667	45.713	29987.59517835	26931652.29
2016-12-24	389	916.1	920.01	882.46	893.51	902.04	37.55	18.77	1749.46	103.400333333	73.95	9768.789559789999	8804752.61
2016-12-25	390	894.4	897.99	857.19	895.16	875.27	40.8	20.4	1749.52	104.896	101.984	9981.27476444	8735626.8
2016-12-26	391	895.13	912.48	890.99	901.59	901.7	21.49	10.74	1781.69	110.667	114.936666667	10807.63338472	9754313.28
2016-12-27	392	902.94	938.4	897.76	931.78	920.19	40.64	20.32	1822.92	132.450333333	103.273333333	12529.86970517	11526509.95
2016-12-28	393	933.09	978.64	932.28	977.9	958.2	46.36	23.18	1909.44	146.763666667	149.869333333	18336.8499118	17551254.05
2016-12-29	394	978.52	982.69	950.17	971.96	969.99	32.52	16.26	1911.41	112.31	32.5666666667	13187.38497687	12776421.55
2016-12-30	395	971.95	971.96	927.17	961.22	951.2	44.79	22.39	1877.66	45.713	-66.182	16820.13637846	15996232.47
2016-12-31	396	960.63	969.12	943.96	967.46	957.19	25.16	12.58	1909.76	73.95	-62.06	5657.96472353	5410792.18
2017-01-01	397	967.9	1005.67	962.05	997.15	988.52	43.61	21.81	1950.68	101.984	-83.0373333333	10213.10217027	10089491.65
2017-01-02	398	998.54	1033.36	994.15	1016.52	1014.97	39.21	19.61	1993.84	114.936666667	-116.230333333	16548.31244855	16786397.16
2017-01-03	399	1016.84	1038.31	1008.52	1035.05	1022.18	29.79	14.9	2040.31	103.273333333	-128.331	12942.45498102	13217939.08
2017-01-04	400	1035.4	1145.21	1019.01	1127.77	1092.76	126.2	63.1	2129.34	149.869333333	-345.138333333	35728.52122977	38981257.76
2017-01-05	401	1127.96	1147.87	884.81	1004.53	1004.66	263.07	131.53	1745.99	32.5666666667	-197.145333333	59245.06768654	59493044.98
2017-01-06	402	1004.59	1037.54	872.79	895.04	934.54	164.75	82.37	1625.33	-66.182	-65.7876666667	44026.63724581	40792464.39
2017-01-07	403	896.15	908.24	812.27	905.4	864.72	95.97	47.99	1714.82	-62.06	-85.7663333333	32334.82140547	27950256.7
2017-01-08	404	906.95	941.34	886.96	914.11	916.09	54.38	27.19	1773.84	-83.0373333333	-89.46	12103.49794947	11071668.31
2017-01-09	405	910.97	915.56	877.07	900.29	893.59	38.49	19.24	1762.1	-116.230333333	-67.3713333333	14006.744016409999	12504722.52
2017-01-10	406	900.26	915.57	895.3	906.72	906.29	20.27	10.13	1793.18	-128.331	-0.654666666667	13786.79678251	12470390.06
2017-01-11	407	907.0	921.85	758.5	782.63	825.16	163.35	81.67	1401.92	-345.138333333	106.705666667	55563.101566189995	45733806.45
2017-01-12	408	780.36	834.66	752.45	807.38	788.5	82.22	41.11	1532.55	-197.145333333	93.4086666667	25865.48228824	20328536.43
2017-01-13	409	808.12	834.67	775.89	829.25	805.59	58.78	29.39	1599.72	-65.7876666667	66.9763333333	17754.630129409998	14324553.34
2017-01-14	410	829.66	842.28	811.28	819.63	829.02	31.0	15.5	1608.26	-85.7663333333	104.009	8783.45275556	7273293.08
2017-01-15	411	821.04	827.52	810.64	824.65	819.16	16.88	8.44	1632.42	-89.46	98.3336666667	5656.86584832	4625138.35
2017-01-16	412	824.25	837.63	820.36	832.92	830.74	17.26	8.63	1648.58	-67.3713333333	82.1373333333	8576.22681957	7112551.32
2017-01-17	413	833.54	912.44	830.81	906.07	882.89	81.63	40.81	1730.51	-0.654666666667	-19.5293333333	21639.69179086	19072716.44
2017-01-18	414	906.97	916.66	851.89	889.34	882.48	64.77	32.38	1713.9	106.705666667	5.36966666667	16876.236238830003	14867555.9
2017-01-19	415	889.3	909.05	883.4	900.79	896.17	25.65	12.82	1775.94	93.4086666667	14.1253333333	16602.52619267	14868019.66
2017-01-20	416	901.39	905.89	883.31	896.23	896.3	22.58	11.29	1769.87	66.9763333333	23.7366666667	10286.238290500001	9207403.41
2017-01-21	417	895.66	928.2	895.09	923.64	914.22	33.11	16.56	1814.17	104.009	-4.64633333333	8714.82633877	7981364.97
2017-01-22	418	923.63	938.73	889.42	922.98	919.57	49.31	24.65	1796.66	98.3336666667	-8.68266666667	10086.32556859	9257795.54
2017-01-23	419	924.8	928.16	913.17	915.06	921.49	14.99	7.49	1815.13	82.1373333333	5.55066666667	5591.59012534	5149659.23
2017-01-24	420	914.96	925.5	883.33	886.54	904.14	42.17	21.08	1730.91	-19.5293333333	81.5146666667	13875.33686145	12536508.22
2017-01-25	421	885.78	903.5	885.45	894.71	893.78	18.05	9.03	1771.36	5.36966666667	91.953	8273.172796859999	7391706.4
2017-01-26	422	894.65	920.51	894.04	914.92	908.2	26.47	13.23	1803.37	14.1253333333	93.7933333333	7990.489017489999	7254450.72
2017-01-27	423	915.25	924.24	908.9	919.97	917.66	15.34	7.67	1824.59	23.7366666667	96.667	6693.680327149999	6144199.95
2017-01-28	424	919.68	922.47	915.47	918.99	919.34	6.99	3.5	1830.99	-4.64633333333	112.548	2245.4285095100004	2063330.61
2017-01-29	425	919.79	922.01	912.94	914.3	917.09	9.07	4.53	1819.54	-8.68266666667	99.5746666667	2020.15360277	1850997.92
2017-01-30	426	914.41	923.63	912.87	920.61	919.42	10.76	5.38	1830.46	5.55066666667	104.48	4900.02642675	4502292.6
2017-01-31	427	920.63	972.5	918.83	968.05	951.67	53.67	26.83	1882.44	81.5146666667	83.8363333333	15699.38969883	14923842.11
2017-02-01	428	967.53	988.44	963.67	986.66	973.43	24.77	12.39	1948.55	91.953	66.7196666667	10239.93834928	9954222.8
2017-02-02	429	986.9	1012.21	976.7	1008.71	996.76	35.51	17.76	1981.91	93.7933333333	-20.3086666667	16662.799990199997	16598442.79
2017-02-03	430	1008.06	1028.44	987.92	1016.63	1011.63	40.52	20.26	1992.75	96.667	-17.778	17685.53091713	17873603.88
2017-02-04	431	1016.55	1043.92	1003.75	1031.54	1023.93	40.17	20.08	2022.91	112.548	-19.983	12562.240779310001	12862671.49
2017-02-05	432	1032.71	1034.22	1005.05	1013.88	1017.69	29.16	14.58	1998.59	99.5746666667	-12.653	6597.52306822	6708649.92
2017-02-06	433	1012.53	1032.51	1010.03	1025.09	1024.77	22.48	11.24	2027.7	104.48	-25.9096666667	8473.139437720001	8674307.27
2017-02-07	434	1025.6	1055.25	1023.05	1051.89	1043.03	32.2	16.1	2071.58	83.8363333333	-39.2986666667	11257.60546309	11740268.71
2017-02-08	435	1052.94	1070.28	1023.63	1053.38	1049.21	46.65	23.32	2060.11	66.7196666667	-39.9826666667	17081.60528653	17902102.41
2017-02-09	436	1053.12	1077.9	932.42	988.4	995.69	145.48	72.74	1831.33	-20.3086666667	47.2606666667	41790.848704820004	41633637.36
2017-02-10	437	988.02	1010.23	954.31	998.86	979.52	55.92	27.96	1941.79	-17.778	56.0163333333	17608.12058931	17237081.0
2017-02-11	438	997.18	1018.25	991.0	1011.56	1007.85	27.25	13.62	1995.87	-19.983	47.235	7044.5790411200005	7100990.65
2017-02-12	439	1010.5	1011.94	996.79	1001.22	1004.25	15.15	7.58	1987.29	-12.653	52.6676666667	4019.5302476899997	4032813.64
2017-02-13	440	1001.12	1008.91	979.21	999.18	995.85	29.7	14.85	1968.66	-25.9096666667	87.3796666667	7906.67054918	7869969.14
2017-02-14	441	1000.14	1021.05	990.49	1012.59	1008.73	30.57	15.28	1994.62	-39.2986666667	113.655333333	10246.098947139999	10325383.18
2017-02-15	442	1012.15	1016.99	1002.47	1013.4	1011.19	14.52	7.26	2012.27	-39.9826666667	114.063	5074.83549881	5128174.52
2017-02-16	443	1014.0	1043.0	1013.15	1035.66	1031.06	29.85	14.93	2041.47	47.2606666667	147.112666667	11978.71369756	12341535.17
2017-02-17	444	1035.28	1064.06	1032.4	1054.87	1048.51	31.66	15.83	2078.08	56.0163333333	128.331666667	12255.87508341	12850213.31
2017-02-18	445	1054.95	1071.26	1050.28	1058.79	1064.5	20.98	10.49	2096.6	47.235	91.6183333333	10109.15468926	10765419.31
2017-02-19	446	1058.53	1062.58	1042.71	1053.89	1053.38	19.87	9.93	2087.91	52.6676666667	121.906666667	3261.8635103399997	3433378.37
2017-02-20	447	1053.98	1090.11	1045.23	1086.56	1064.8	44.88	22.44	2128.24	87.3796666667	106.780333333	5621.386603509999	5987626.9
2017-02-21	448	1084.89	1129.21	1077.89	1126.25	1105.62	51.32	25.66	2201.18	113.655333333	61.2206666667	18444.618980940002	20400459.85
2017-02-22	449	1125.42	1140.7	1101.02	1127.46	1122.69	39.67	19.84	2215.25	114.063	98.3903333333	17646.17457933	19837381.81
2017-02-23	450	1126.21	1193.88	1121.76	1182.78	1156.46	72.12	36.06	2293.43	147.112666667	73.5233333333	19416.100790509998	22431985.8
2017-02-24	451	1182.91	1216.97	1083.91	1183.2	1173.98	133.06	66.53	2233.35	128.331666667	101.369666667	28022.71927347	32905101.75
2017-02-25	452	1179.37	1185.21	1125.12	1150.41	1158.0	60.09	30.04	2240.73	91.6183333333	113.147333333	9775.86881286	11321059.78
2017-02-26	453	1150.72	1186.97	1132.55	1175.8	1165.81	54.42	27.21	2297.17	121.906666667	98.8646666667	6492.65768065	7570188.97
2017-02-27	454	1176.28	1197.97	1168.08	1193.34	1186.88	29.89	14.94	2356.79	106.780333333	85.1563333333	7438.350344760001	8829021.83
2017-02-28	455	1194.05	1210.3	1177.23	1187.47	1191.79	33.07	16.54	2341.86	61.2206666667	42.3756666667	11224.54314947	13380317.34
2017-03-01	456	1187.88	1229.05	1184.08	1225.85	1212.11	44.97	22.48	2406.73	98.3903333333	-77.6576666667	11383.64737444	13791637.72
2017-03-02	457	1227.63	1283.13	1213.3	1256.3	1247.07	69.83	34.91	2442.77	73.5233333333	-65.982	17226.86843908	21488652.58
2017-03-03	458	1256.05	1292.65	1248.59	1284.57	1271.36	44.05	22.03	2525.09	101.369666667	-170.179666667	14299.74541783	18198357.99
2017-03-04	459	1285.26	1287.78	1234.52	1263.56	1263.46	53.26	26.63	2473.86	113.147333333	-85.5523333333	7309.818271669999	9219411.29
2017-03-05	460	1264.49	1279.04	1242.78	1274.66	1263.57	36.26	18.13	2513.06	98.8646666667	-47.3116666667	5899.39945293	7450655.42
2017-03-06	461	1273.66	1283.53	1261.13	1278.5	1276.02	22.4	11.2	2534.59	85.1563333333	-38.9566666667	8381.548280449999	10700868.28
2017-03-07	462	1278.46	1281.59	1169.4	1229.84	1239.8	112.19	56.1	2347.49	42.3756666667	15.216	24323.237666009998	30155101.67
2017-03-08	463	1233.29	1242.2	1141.51	1148.19	1185.32	100.69	50.34	2195.7	-77.6576666667	108.334333333	22791.05301594	27031080.08
2017-03-09	464	1147.91	1207.3	1123.2	1190.32	1170.57	84.1	42.05	2296.53	-65.982	-19.1246666667	12712.21599733	14918997.42
2017-03-10	465	1189.51	1330.0	972.67	1114.39	1170.7	357.33	178.67	1871.45	-170.179666667	-60.4	58771.652406739995	68871622.18
2017-03-11	466	1110.8	1195.7	1107.02	1178.01	1162.49	88.68	44.34	2267.33	-85.5523333333	-214.257	14410.08566922	16742858.55
2017-03-12	467	1177.97	1238.3	1161.76	1227.35	1201.64	76.54	38.27	2378.16	-47.3116666667	-210.107333333	9588.10353982	11547787.33
2017-03-13	468	1227.17	1246.36	1203.51	1239.54	1230.82	42.85	21.43	2436.23	-38.9566666667	-204.15	11279.114000990001	13870544.25
2017-03-14	469	1239.59	1259.6	1224.67	1245.06	1242.94	34.93	17.47	2455.19	15.216	-132.402333333	9272.39142714	11531413.12
2017-03-15	470	1245.96	1259.67	1240.23	1256.53	1250.84	19.44	9.72	2493.62	108.334333333	-220.973333333	7626.17797284	9542864.83
2017-03-16	471	1256.9	1258.29	1094.99	1171.19	1193.85	163.3	81.65	2179.08	-19.1246666667	-143.633333333	25636.431449670003	30641096.42
2017-03-17	472	1169.8	1170.21	1037.7	1053.99	1112.37	132.51	66.26	1975.47	-60.4	-125.702666667	31583.64608932	35176603.57
2017-03-18	473	1055.78	1092.59	936.98	963.75	1010.01	155.61	77.8	1771.89	-214.257	-7.04633333333	34562.41234169	34929966.35
2017-03-19	474	963.12	1053.12	960.75	1017.24	1009.44	92.37	46.18	1942.12	-210.107333333	-65.304	18690.25750187	18856939.59
2017-03-20	475	1012.05	1048.72	974.46	1035.39	1029.54	74.26	37.13	1996.52	-204.15	4.577	14385.57780643	14839812.9
2017-03-21	476	1035.94	1116.95	1035.5	1112.66	1084.13	81.44	40.72	2143.87	-132.402333333	-68.739	18498.54024595	20061496.63
2017-03-22	477	1112.9	1114.0	984.41	1035.55	1040.39	129.59	64.79	1941.52	-220.973333333	4.11333333333	22881.73666446	23772859.85
2017-03-23	478	1035.29	1052.97	1011.33	1027.56	1036.56	41.65	20.82	2013.47	-143.633333333	9.77333333333	10600.93909077	10988645.14
2017-03-24	479	1028.28	1031.97	918.0	928.29	977.8	113.97	56.98	1742.61	-125.702666667	148.146	25836.306682590002	25250545.54
2017-03-25	480	926.06	965.05	887.86	956.7	924.1	77.18	38.59	1836.22	-7.04633333333	131.682333333	19754.089505279997	18237525.59
2017-03-26	481	956.8	995.23	931.02	951.94	966.75	64.22	32.11	1839.66	-65.304	143.968	15972.000735849999	15463941.76
2017-03-27	482	958.65	1043.01	948.84	1039.97	1002.56	94.17	47.09	1985.76	4.577	106.782333333	15465.79190318	15532211.78
2017-03-28	483	1039.72	1066.61	1015.77	1043.92	1043.96	50.84	25.42	2036.99	-68.739	98.5856666667	17670.829900769997	18459108.2
2017-03-29	484	1043.51	1057.33	1008.35	1039.67	1033.73	48.98	24.49	2030.36	4.11333333333	95.93	17934.566366749998	18529498.42
2017-03-30	485	1040.11	1053.08	1020.64	1037.33	1032.88	32.44	16.22	2042.22	9.77333333333	153.723333333	13933.23994702	14386960.62
2017-03-31	486	1037.48	1086.23	1036.69	1076.44	1060.57	49.54	24.77	2103.33	148.146	115.123333333	18144.17652046	19184633.1
2017-04-01	487	1076.86	1102.64	1066.8	1088.39	1083.38	35.84	17.92	2140.93	131.682333333	94.9913333333	8648.1633722	9353636.29
2017-04-02	488	1089.82	1109.65	1074.81	1095.91	1093.3	34.85	17.42	2156.97	143.968	113.173666667	12313.76014725	13412046.22
2017-04-03	489	1095.69	1154.47	1095.41	1146.75	1134.11	59.06	29.53	2234.44	106.782333333	64.2131666667	18527.34825823	20961575.13
2017-04-04	490	1148.22	1162.53	1123.05	1142.5	1143.62	39.48	19.74	2245.53	98.5856666667	80.2420833333	13850.45929513	15831341.79
2017-04-05	491	1142.92	1145.63	1112.79	1135.6	1129.49	32.84	16.42	2238.36	95.93	79.7330833333	10160.59500025	11468551.98
2017-04-06	492	1136.36	1203.72	1136.19	1191.06	1167.39	67.53	33.77	2314.58	153.723333333	-15.4641666667	16055.519788089998	18765227.21
2017-04-07	493	1190.1	1202.33	1176.03	1191.56	1191.37	26.31	13.15	2356.81	115.123333333	-14.54225	10766.62024417	12821763.49
2017-04-08	494	1192.34	1198.69	1168.6	1183.38	1187.0	30.1	15.05	2336.66	94.9913333333	-6.84966666667	4699.72449206	5575131.14
2017-04-09	495	1183.66	1216.97	1175.38	1209.08	1199.25	41.59	20.79	2376.57	113.173666667	-34.0055	13405.17330849	16069855.21
2017-04-10	496	1208.81	1218.13	1197.13	1210.96	1209.55	21.01	10.5	2400.92	64.2131666667	-21.23	13240.98699686	16019622.06
2017-04-11	497	1211.66	1232.43	1200.21	1222.74	1216.3	32.22	16.11	2413.27	80.2420833333	-20.70275	13837.632873419998	16828817.89
2017-04-12	498	1222.82	1227.75	1210.16	1215.33	1218.31	17.59	8.79	2413.07	79.7330833333	-7.38225	12673.57194638	15435752.21
2017-04-13	499	1215.18	1219.61	1148.28	1175.59	1182.78	71.33	35.66	2279.86	-15.4641666667	60.87425	21925.05785967	25912682.15
2017-04-14	500	1176.14	1195.72	1160.25	1177.02	1179.61	35.48	17.74	2318.56	-14.54225	70.132	18903.18423112	22214683.61
2017-04-15	501	1176.49	1194.02	876.24	1176.53	1179.95	317.78	158.89	2035.28	-6.84966666667	62.3025	7103.38699694	8360926.11
2017-04-16	502	1175.96	1187.43	1166.79	1175.07	1177.65	20.63	10.32	2329.51	-34.0055	70.283	7740.00592191	9096899.63
2017-04-17	503	1174.98	1199.37	1169.3	1189.73	1185.32	30.07	15.03	2349.4	-21.23	64.224	12722.81682721	15054775.59
2017-04-18	504	1191.48	1209.8	1188.94	1202.04	1202.62	20.86	10.43	2383.22	-20.70275	73.958	15461.151077679999	18582390.95
2017-04-19	505	1202.03	1211.97	1193.35	1207.95	1201.87	18.62	9.31	2397.28	-7.38225	84.42525	15805.46249215	18986335.18
2017-04-20	506	1209.15	1242.99	1205.5	1236.47	1224.61	37.49	18.74	2435.45	60.87425	101.64575	18775.252265230003	22995419.22
2017-04-21	507	1236.81	1254.84	1234.53	1247.15	1244.34	20.31	10.16	2473.99	70.132	91.97025	14922.742621730002	18575782.05
2017-04-22	508	1247.14	1249.28	1210.82	1238.83	1236.28	38.47	19.23	2439.19	62.3025	107.252	12475.28752605	15444063.72
2017-04-23	509	1238.42	1248.5	1229.73	1245.36	1241.01	18.76	9.38	2471.95	70.283	116.61175	9536.527192579999	11852127.09
2017-04-24	510	1245.94	1257.41	1238.45	1253.96	1247.32	18.96	9.48	2488.95	64.224	156.8195	12568.969388710002	15695385.02
2017-04-25	511	1254.05	1281.92	1252.16	1276.0	1269.47	29.76	14.88	2522.24	73.958	182.7525	17040.97475065	21667354.77
2017-04-26	512	1276.49	1319.87	1272.51	1292.37	1296.0	47.36	23.68	2537.39	84.42525	223.5095	25461.37101623	33008481.11
2017-04-27	513	1292.13	1348.35	1290.27	1338.11	1323.34	58.07	29.04	2618.15	101.64575	208.43125	23937.42877916	31715960.04
2017-04-28	514	1338.48	1358.27	1297.88	1339.12	1327.0	60.39	30.19	2617.85	91.97025	194.91275	28060.6143583	37347716.89
2017-04-29	515	1338.52	1350.97	1318.88	1346.08	1338.84	32.09	16.04	2660.08	107.252	218.244	16833.5692901	22645269.57
2017-04-30	516	1346.33	1367.72	1321.12	1361.97	1340.47	46.6	23.3	2677.34	116.61175	202.60925	17012.83401748	22945006.67
2017-05-01	517	1359.67	1445.15	1342.49	1410.78	1403.91	102.66	51.33	2718.9	156.8195	258.57375	37526.189871509996	52946835.21
2017-05-02	518	1410.69	1481.56	1401.5	1458.75	1446.45	80.06	40.03	2837.44	182.7525	261.41475	30207.89389765	43763881.32
2017-05-03	519	1458.43	1523.08	1444.21	1515.88	1481.06	78.87	39.43	2952.89	223.5095	267.78275	38702.70337892	57400252.01
2017-05-04	520	1516.15	1633.89	1460.64	1546.54	1553.64	173.25	86.62	2919.84	208.43125	286.931	64296.966942709994	100109647.78
2017-05-05	521	1546.06	1613.27	1506.61	1534.03	1561.38	106.65	53.33	2961.41	194.91275	161.24175	45088.820895979996	70566455.47
2017-05-06	522	1531.95	1585.21	1529.16	1564.33	1560.18	56.06	28.03	3072.59	218.244	219.5045	21663.538359590002	33822893.52
2017-05-07	523	1563.19	1585.42	1501.06	1564.58	1557.77	84.36	42.18	3044.8	202.60925	226.929	26284.756180689998	40969581.05
2017-05-08	524	1566.17	1672.34	1555.4	1669.35	1608.89	116.94	58.47	3221.76	258.57375	62.26525	49713.16695427	80085437.79
2017-05-09	525	1666.64	1774.76	1625.6	1720.17	1716.09	149.16	74.58	3291.18	261.41475	40.16775	50357.236127430006	86427975.94
2017-05-10	526	1720.48	1794.44	1688.43	1783.66	1753.57	106.01	53.0	3461.32	267.78275	25.1365	35017.76596207	61426701.75
2017-05-11	527	1784.0	1888.15	1758.12	1833.47	1836.08	130.04	65.02	3536.91	286.931	57.73775	42574.00037295	78125662.15
2017-05-12	528	1832.59	1835.58	1648.73	1695.27	1746.55	186.85	93.42	3203.7	161.24175	269.78625	45035.49029721999	78747023.85
2017-05-13	529	1694.84	1790.24	1607.17	1783.83	1701.98	183.08	91.54	3384.58	219.5045	244.1735	31129.24538878	52881845.42
2017-05-14	530	1785.45	1820.0	1757.98	1791.51	1789.99	62.02	31.01	3520.99	226.929	229.8165	16148.163687019998	28918682.45
2017-05-15	531	1791.04	1794.67	1694.3	1731.62	1738.37	100.38	50.19	3362.86	62.26525	371.928	31494.40295057	54651378.06
2017-05-16	532	1731.54	1778.76	1685.78	1760.34	1731.63	92.97	46.49	3427.7	40.16775	496.17425	39071.93095453	67453601.73
2017-05-17	533	1757.35	1847.6	1731.37	1808.8	1806.65	116.24	58.12	3501.37	25.1365	606.2985	42520.01304953	76472150.87
2017-05-18	534	1808.12	2064.48	1795.57	1891.21	1847.57	268.91	134.45	3513.52	57.73775	419.135	34085.722716000004	62858968.06
2017-05-19	535	1891.06	1972.26	1872.97	1965.06	1931.1	99.28	49.64	3830.84	269.78625	289.909	43144.63297455	83358548.27
2017-05-20	536	1965.33	2035.82	1950.82	2028.0	1991.69	85.01	42.5	3971.0	244.1735	31.134	34520.32357815	68725062.01
2017-05-21	537	2028.0	2078.16	1974.75	2021.32	2032.68	103.41	51.7	3939.24	229.8165	172.76675	31838.759009999998	64977951.54
2017-05-22	538	2019.94	2242.9	1968.52	2103.54	2127.0	274.37	137.19	3932.71	371.928	176.92025	61561.48180047	131595441.34
2017-05-23	539	2098.41	2266.75	2092.52	2256.51	2198.14	174.22	87.11	4338.79	496.17425	-67.0675	43849.6707683	96616109.5
2017-05-24	540	2257.78	2474.04	2255.28	2415.1	2362.63	218.76	109.38	4611.44	606.2985	-115.65975	63647.52299719	150806762.46
2017-05-25	541	2429.12	2757.3	2219.5	2310.35	2523.93	537.8	268.9	4082.9	419.135	101.335	92816.6672497	235215638.67
2017-05-26	542	2308.26	2626.5	2050.46	2254.97	2343.42	576.04	288.02	3933.9	289.909	227.3485	77061.899795	181139902.87
2017-05-27	543	2255.21	2332.57	1868.91	2059.14	2063.23	463.67	231.83	3654.61	31.134	487.14975	73256.0176087	151865381.0
2017-05-28	544	2057.1	2312.99	2056.26	2194.09	2193.01	256.73	128.36	4131.46	172.76675	332.487	41835.37123508	91916061.78
2017-05-29	545	2183.83	2353.82	2112.17	2280.46	2247.64	241.65	120.82	4319.28	176.92025	413.53675	34395.86544763	77597520.39
2017-05-30	546	2283.44	2334.08	2139.14	2189.44	2253.55	194.95	97.47	4183.94	-67.0675	682.68825	45141.35051799	101572368.41
2017-05-31	547	2192.88	2335.13	2158.64	2299.44	2249.4	176.49	88.24	4422.39	-115.65975	390.965	49999.31018001	112594811.44
2017-06-01	548	2300.52	2467.74	2299.17	2411.68	2393.25	168.58	84.29	4654.79	101.335	395.37525	53675.0286165	128455919.73
2017-06-02	549	2412.85	2484.95	2375.42	2482.32	2425.67	109.53	54.77	4855.11	227.3485	331.751	34457.579662389995	83572862.82
2017-06-03	550	2481.88	2589.08	2448.35	2546.29	2523.83	140.73	70.36	4951.85	487.14975	340.565	30880.994729590002	78111566.42
2017-06-04	551	2545.37	2564.86	2472.32	2526.58	2518.59	92.53	46.27	4960.62	332.487	432.1995	29582.19796959	74467839.96
2017-06-05	552	2527.61	2694.93	2521.83	2694.0	2605.9	173.11	86.55	5214.89	413.53675	26.398	37544.70693322	97910280.19
2017-06-06	553	2694.25	2932.13	2685.4	2872.13	2816.2	246.73	123.37	5497.53	682.68825	-841.6225	70810.2638841	199451348.28
2017-06-07	554	2872.44	2885.48	2613.81	2690.41	2786.44	271.67	135.84	5109.14	390.965	-856.68125	46678.87418469	129901306.94
2017-06-08	555	2687.45	2813.61	2615.13	2807.06	2746.39	198.47	99.24	5415.64	395.37525	-991.1585	33617.08993563	92265970.88
2017-06-09	556	2806.44	2863.97	2787.23	2814.07	2826.09	76.74	38.37	5551.4	331.751	-955.216	24374.23262432	68885750.75
2017-06-10	557	2814.33	2915.74	2796.04	2886.85	2857.74	119.7	59.85	5654.0	340.565	-910.0565	35349.126862460005	101224366.26
2017-06-11	558	2886.6	2964.11	2844.76	2958.78	2903.59	119.35	59.67	5798.21	432.1995	-1076.27925	29062.16935601	84744045.15
2017-06-12	559	2958.88	2973.52	2571.38	2720.4	2783.01	402.15	201.07	5038.65	26.398	-775.4385	80888.2391682	220922396.85
2017-06-13	560	1980.19	2090.19	1972.27	2030.51	2032.29	117.92	58.96	3943.09	-841.6225	12.0375	43193.221547600006	117120099.97
2017-06-14	561	2031.25	2106.48	1742.11	1833.72	1951.91	364.37	182.18	3303.08	-856.68125	152.6155	68043.6440032	176732953.49
2017-06-15	562	1835.06	1887.99	1561.33	1815.9	1739.87	326.66	163.33	3305.14	-991.1585	203.715	94501.20180889999	219067199.5
2017-06-16	563	1815.92	1897.75	1725.95	1858.85	1832.91	171.8	85.9	3545.91	-955.216	152.09925	43893.474980060004	107198429.36
2017-06-17	564	1858.86	2007.91	1813.85	1976.8	1921.77	194.06	97.03	3759.53	-910.0565	-56.813	34584.730700320004	88669765.81
2017-06-18	565	1977.96	2001.29	1843.91	1882.5	1918.93	157.38	78.69	3607.61	-1076.27925	-8.0565	30262.78557434	77383662.51
2017-06-19	566	1883.24	1946.75	1861.93	1944.96	1915.82	84.82	42.41	3805.09	-775.4385	-136.427	30958.634617069998	79079903.17
2017-06-20	567	1944.96	2081.99	1936.36	2042.54	2004.55	145.63	72.82	3939.46	12.0375	-122.855	41506.91876383	111069301.5
2017-06-21	568	2041.06	2083.89	1935.13	1986.34	2016.24	148.76	74.38	3823.92	152.6155	-69.57925	40184.71369795	108075297.96
2017-06-22	569	1986.74	2050.0	1945.29	2019.61	2005.72	104.71	52.36	3934.52	203.715	-120.19825	27802.594683249998	74402114.87
2017-06-23	570	2019.6	2053.25	1995.64	2010.95	2029.29	57.61	28.8	3964.3	152.09925	-169.5325	21374.23264098	57868263.85
2017-06-24	571	2010.95	2036.28	1878.8	1919.98	1959.03	157.48	78.74	3682.48	-56.813	-112.73575	30540.05408111	79916003.06
2017-06-25	572	1921.9	1965.56	1817.51	1874.44	1896.94	148.05	74.02	3600.83	-8.0565	7.20875	29372.11565103	74367051.63
2017-06-26	573	1874.5	1912.43	1695.84	1808.53	1818.3	216.59	108.29	3400.48	-136.427	101.37	52159.994627269996	126713359.45
2017-06-27	574	1808.37	1920.2	1703.0	1919.69	1793.45	217.2	108.6	3622.18	-122.855	29.60775	50444.38883626	120671723.38
2017-06-28	575	1919.06	1949.5	1842.36	1916.76	1900.99	107.14	53.57	3726.38	-69.57925	41.0515	36452.05972437	92432027.66
2017-06-29	576	1914.53	1941.69	1876.1	1899.42	1915.7	65.59	32.79	3733.25	-120.19825	53.30175	22636.280690530002	57837983.13
2017-06-30	577	1898.91	1916.64	1829.11	1841.42	1881.29	87.53	43.76	3595.31	-169.5325	35.9645	26099.66056148	65463140.28
2017-07-01	578	1841.01	1883.03	1788.5	1807.25	1832.39	94.53	47.26	3519.97	-112.73575	107.50975	22628.874424679998	55323280.97
2017-07-02	579	1809.6	1899.68	1775.84	1881.65	1838.49	123.84	61.92	3639.46	7.20875	-4.0825	23717.474708920003	58174023.82
2017-07-03	580	1880.27	1941.94	1855.41	1909.9	1896.58	86.53	43.27	3733.27	101.37	-161.47025	27993.64337746	70816053.31
2017-07-04	581	1907.3	1980.8	1907.24	1949.3	1949.25	73.56	36.78	3825.04	29.60775	-219.75025	26259.94155325	68244871.5
2017-07-05	582	1948.56	1970.41	1904.29	1957.81	1932.52	66.11	33.06	3849.51	41.0515	424.97975	26181.038710449997	67450939.5
2017-07-06	583	1956.52	1964.38	1919.51	1952.72	1944.74	44.88	22.44	3860.56	53.30175	386.50275	20070.700715600004	52023308.24
2017-07-07	584	1952.68	1956.65	1854.3	1877.38	1902.02	102.35	51.18	3652.42	35.9645	339.11475	26028.246393330002	66017855.96
2017-07-08	585	1877.38	1917.78	1850.86	1914.76	1885.35	66.93	33.46	3762.58	107.50975	53.21575	18462.24690548	46426579.03
2017-07-09	586	1914.5	1926.23	1873.62	1877.57	1904.37	52.6	26.3	3702.53	-4.0825	31.547	12738.92411653	32366910.36
2017-07-10	587	1877.78	1893.41	1694.21	1748.43	1807.71	199.2	99.6	3297.66	-161.47025	479.48025	41646.118065049995	100302049.29
2017-07-11	588	1748.34	1803.29	1690.12	1729.55	1754.18	113.18	56.59	3345.92	-219.75025	575.0975	43178.31391805	101046563.75
2017-07-12	589	2317.75	2412.63	2262.22	2382.79	2349.37	150.41	75.2	4615.17	424.97975	-122.8795	35082.21812343	82227225.19
2017-07-13	590	2382.02	2419.42	2308.41	2339.22	2361.87	111.02	55.51	4567.42	386.50275	522.8775	25518.644213190004	60297617.88
2017-07-14	591	2339.78	2354.33	2142.0	2216.5	2243.77	212.33	106.17	4220.67	339.11475	450.36325	35779.2687195	80303172.96
2017-07-15	592	2214.56	2220.87	1963.29	1967.97	2060.52	257.58	128.79	3678.36	53.21575	858.05275	50285.5278075	103711416.69
2017-07-16	593	1967.46	2043.49	1796.8	1909.11	1910.93	246.69	123.35	3571.54	31.547	846.41525	64508.4608458	123427730.98
2017-07-17	594	1908.59	2231.8	1906.24	2227.91	2070.27	325.56	162.78	4130.26	479.48025	531.7845	62895.78705749999	130469273.69
2017-07-18	595	2225.2	2396.34	2145.82	2304.65	2291.38	250.51	125.26	4358.78	575.0975	256.5055	66164.9052595	151320140.4
2017-07-19	596	2306.25	2399.62	2217.76	2259.91	2303.51	181.87	90.93	4337.96	-122.8795	265.358	46476.48291797	107050495.33
2017-07-20	597	2262.46	2940.1	2262.38	2862.1	2599.43	677.73	338.86	5046.47	522.8775	-194.6275	89344.7603295	232727425.7
2017-07-21	598	2865.24	2878.81	2612.54	2666.86	2727.21	266.27	133.14	5067.45	450.36325	119.5525	59473.854473499996	162123565.4
2017-07-22	599	2666.02	2860.47	2648.94	2826.03	2789.57	211.53	105.76	5440.52	858.05275	-126.108	35253.099304530006	98341278.77
2017-07-23	600	2824.67	2844.5	2665.65	2755.53	2764.18	178.85	89.43	5332.21	846.41525	-7.1175	29779.94898688	82405441.91
2017-07-24	601	2757.66	2798.81	2715.71	2759.7	2757.07	83.1	41.55	5436.29	531.7845	97.50875	24998.51746987	68934727.39
2017-07-25	602	2759.59	2777.09	2447.86	2561.15	2589.12	329.23	164.62	4793.07	256.5055	171.27625	55233.60686000001	142972983.1
2017-07-26	603	2563.55	2611.54	2404.4	2525.27	2490.9	207.14	103.57	4843.4	265.358	176.6975	42358.9597241	105574963.19
2017-07-27	604	2525.69	2691.03	2508.72	2667.47	2578.82	182.31	91.16	5152.63	-194.6275	124.1055	31195.52073674	80464418.74
2017-07-28	605	2668.45	2825.24	2659.9	2786.42	2747.23	165.34	82.67	5407.49	119.5525	75.1695	44845.364224850004	123276121.36
2017-07-29	606	2788.86	2792.89	2656.81	2699.92	2716.78	136.08	68.04	5263.76	-126.108	556.12275	28458.48526624	77297044.06
2017-07-30	607	2698.09	2763.73	2573.68	2748.41	2681.95	190.05	95.03	5306.77	-7.1175	478.903	23270.68787359	62343466.42
2017-07-31	608	2749.5	2898.47	2695.75	2857.21	2790.95	202.72	101.36	5511.69	97.50875	534.20675	31001.949192350003	86391722.72
2017-08-01	609	2857.21	2931.04	2635.76	2732.43	2766.26	295.29	147.64	5169.57	171.27625	689.04825	36116.65939581	100078162.7
2017-08-02	610	2732.59	2759.61	2650.5	2701.97	2709.24	109.11	54.55	5294.83	176.6975	647.987	25188.743852800002	68238702.44
2017-08-03	611	2701.99	2804.87	2699.98	2791.58	2754.45	104.89	52.45	5478.26	124.1055	635.89625	23039.90081382	63424037.82
2017-08-04	612	2792.03	2880.19	2766.23	2861.58	2837.75	113.95	56.98	5609.21	75.1695	791.113	22907.71582763	64952422.71
2017-08-05	613	2859.39	3339.42	2856.87	3256.04	3161.33	482.55	241.27	6029.53	556.12275	614.904	54768.54866850001	173009638.9
2017-08-06	614	3256.28	3291.7	3159.34	3227.32	3236.39	132.36	66.18	6322.27	478.903	835.7445	20629.174565909998	66694535.21
2017-08-07	615	3226.01	3429.97	3190.38	3391.41	3335.22	239.59	119.79	6543.24	534.20675	934.588	32326.512005549997	107881555.58
2017-08-08	616	3393.2	3489.37	3333.94	3421.48	3420.21	155.43	77.72	6687.52	689.04825	739.7025	42029.93138168	143693198.5
2017-08-09	617	3420.18	3430.57	3225.55	3349.95	3334.61	205.02	102.51	6494.89	647.987	1030.2855	36866.65637721	122802834.86
2017-08-10	618	3349.6	3453.1	3320.79	3427.47	3404.5	132.3	66.15	6722.64	635.89625	853.33025	24525.34017988	83467557.22
2017-08-11	619	3427.01	3718.4	3397.43	3652.7	3529.17	320.98	160.49	6984.42	791.113	459.715	35559.19943342	125684651.69
2017-08-12	620	3653.9	3962.12	3611.3	3870.94	3807.99	350.83	175.41	7391.06	614.904	275.27675	42671.35255178	162362254.5
2017-08-13	621	3872.12	4196.47	3841.69	4063.06	4024.82	354.78	177.39	7771.34	835.7445	-0.7565	53526.163086	215508121.41
2017-08-14	622	4065.84	4352.1	3974.66	4326.0	4211.03	377.44	188.72	8274.56	934.588	-329.4695	48313.29352554	203488578.81
2017-08-15	623	4328.07	4436.36	3809.37	4161.18	4127.31	626.99	313.5	7695.36	739.7025	-85.2275	77854.017287	321072782.05
2017-08-16	624	4161.29	4388.98	3933.72	4380.24	4191.1	455.26	227.63	8305.22	1030.2855	-242.5475	41618.78041214	174469885.0
2017-08-17	625	4373.74	4475.94	4181.22	4280.8	4338.44	294.72	147.36	8266.88	853.33025	34.0705	45748.569928059995	198442200.67
2017-08-18	626	4277.65	4358.59	3969.67	4112.41	4179.41	388.92	194.46	7835.9	459.715	253.40975	51116.87971533	213538801.45
2017-08-19	627	4109.96	4193.54	3964.63	4146.22	4075.31	228.92	114.46	8063.52	275.27675	196.3765	32812.3815166	133459419.97
2017-08-20	628	4145.98	4175.35	4037.48	4062.3	4093.42	137.87	68.94	7986.73	-0.7565	270.694	19893.20812563	81382658.75
2017-08-21	629	4062.17	4093.82	3964.17	3996.53	4020.21	129.65	64.83	7863.41	-329.4695	387.921	29196.505513099997	117369333.77
2017-08-22	630	3996.65	4149.43	3600.73	4075.95	3902.05	548.7	274.35	7603.2	-85.2275	513.31225	60586.4632424	236385784.26
2017-08-23	631	4074.34	4255.2	4051.74	4137.69	4155.51	203.46	101.73	8071.93	-242.5475	440.355	34756.005469129996	144358847.41
2017-08-24	632	4143.19	4357.5	4112.22	4314.87	4216.66	245.28	122.64	8384.47	34.0705	422.0545	27464.67570821	115607915.87
2017-08-25	633	4317.26	4455.47	4287.64	4365.82	4367.38	167.83	83.92	8563.81	253.40975	563.39775	27458.89497005	119869412.56
2017-08-26	634	4364.68	4377.66	4251.15	4342.6	4314.14	126.52	63.26	8558.67	196.3765	279.04775	16495.75104217	71137209.84
2017-08-27	635	4344.78	4397.24	4308.64	4333.0	4344.16	88.6	44.3	8577.4	270.694	288.6575	14817.781112229999	64383594.83
2017-08-28	636	4332.88	4398.04	4180.48	4384.45	4302.14	217.55	108.78	8551.35	387.921	-39.612	25287.54500855	108791646.77
2017-08-29	637	4385.91	4651.54	4343.86	4589.26	4507.68	307.68	153.84	8870.85	513.31225	-158.60225	34815.92934648	157013036.02
2017-08-30	638	4589.26	4638.86	4494.82	4578.05	4572.09	144.04	72.02	9012.06	440.355	40.25	24740.46817332	113136222.93
2017-08-31	639	4578.38	4764.81	4575.4	4736.93	4683.96	189.41	94.7	9284.44	422.0545	-107.0625	27733.6958944	129977076.33
2017-09-01	640	4738.33	4933.25	4690.08	4929.22	4816.19	243.17	121.59	9615.27	563.39775	-583.695	39301.87545885	189330274.95
2017-09-02	641	4930.15	4976.19	4502.38	4621.64	4703.14	473.81	236.91	8769.47	279.04775	-297.8425	46609.40490043999	219013285.1
2017-09-03	642	4619.43	4755.75	4446.45	4621.66	4597.14	309.3	154.65	8934.01	288.6575	-370.545	30772.80179335	141430048.09
2017-09-04	643	4621.1	4628.88	4147.28	4344.84	4384.05	481.6	240.8	8208.08	-39.612	-133.285	58585.341319729996	255932944.66
2017-09-05	644	4349.98	4520.76	4100.77	4430.66	4314.02	419.99	209.99	8441.33	-158.60225	-262.755	47398.73439246	204228295.9
2017-09-06	645	4429.19	4677.54	4411.42	4618.3	4569.27	266.12	133.06	8970.47	40.25	-753.8375	38970.67737438	177652067.68
2017-09-07	646	4620.04	4685.14	4495.04	4629.86	4601.78	190.09	95.05	9069.64	-107.0625	-1386.9925	22507.58613236	103430702.56
2017-09-08	647	4629.81	4685.53	4135.18	4345.52	4391.43	550.35	275.18	8140.7	-583.695	-621.8625	57412.140735320005	251703489.54
2017-09-09	648	4349.4	4416.65	4178.52	4323.8	4304.69	238.12	119.06	8409.48	-297.8425	-621.1	23948.22295091	103042165.22
2017-09-10	649	4327.97	4342.02	4067.86	4251.11	4200.52	274.15	137.08	8228.06	-370.545	-552.0	30086.614504700003	126129314.34
2017-09-11	650	4250.26	4368.59	4115.16	4211.56	4225.0	253.43	126.72	8169.68	-133.285	-113.9125	26301.97218969	111030482.54
2017-09-12	651	4209.48	4380.32	4087.15	4167.9	4231.31	293.17	146.58	8042.64	-262.755	-265.63	33343.8972224	141062794.84
2017-09-13	652	4169.0	4176.64	3734.22	3864.46	3911.91	442.42	221.21	7286.5	-753.8375	5.1675	65679.521452	256733016.63
2017-09-14	653	3862.5	3929.7	3213.76	3242.87	3527.61	715.94	357.97	5769.81	-1386.9925	375.8025	98106.50012000001	345606760.17
2017-09-15	654	3241.72	3847.12	2977.9	3723.66	3437.92	869.22	434.61	6578.1	-621.8625	-111.4	139304.0637517	474908438.77
2017-09-16	655	3723.11	3934.88	3567.1	3702.7	3740.65	367.78	183.89	7037.63	-621.1	82.6975	50848.73856424	189495111.23
2017-09-17	656	3699.51	3809.45	3484.75	3699.11	3652.44	324.71	162.35	7073.52	-552.0	-30.9025	28722.889202190003	104948793.08
2017-09-18	657	3698.82	4126.89	3695.13	4097.64	3974.09	431.75	215.88	7763.53	-113.9125	-177.725	43608.36403355	172962736.51
2017-09-19	658	4100.13	4119.25	3852.77	3902.28	3964.02	266.48	133.24	7538.08	-265.63	-17.7375	38450.86575755	152345951.97
2017-09-20	659	3900.85	4049.2	3832.42	3869.63	3943.05	216.78	108.39	7522.48	5.1675	332.6425	28115.205334470003	110724871.25
2017-09-21	660	3873.15	3908.97	3573.69	3618.68	3736.94	335.28	167.64	6902.07	375.8025	569.7025	42857.196328670005	160289229.78
2017-09-22	661	3616.3	3762.27	3514.88	3612.26	3618.05	247.39	123.69	6977.14	-111.4	547.0175	35092.59775479	126992502.86
2017-09-23	662	3610.87	3816.41	3567.02	3785.4	3724.64	249.38	124.69	7321.42	82.6975	548.885	21433.5276589	79857962.41
2017-09-24	663	3785.6	3788.04	3626.53	3668.21	3695.37	161.51	80.76	7174.9	-30.9025	717.39	14494.91352976	53575513.85
2017-09-25	664	3667.88	3969.39	3665.73	3919.92	3850.61	303.66	151.83	7536.17	-177.725	473.6	31144.3661789	119976009.97
2017-09-26	665	3920.95	3965.5	3851.83	3884.54	3914.8	113.67	56.84	7655.4	-17.7375	426.37	21993.342734730002	86129538.18
2017-09-27	666	3884.08	4229.03	3873.5	4202.27	4072.93	355.52	177.76	8049.02	332.6425	16.2525	36576.04438518	148976227.04
2017-09-28	667	4204.8	4269.96	4079.12	4188.38	4187.13	190.85	95.43	8185.91	569.7025	125.955	24415.67685958	102279444.24
2017-09-29	668	4188.75	4221.6	4015.55	4159.28	4125.85	206.05	103.03	8112.5	547.0175	204.035	28971.31984892	119627520.83
2017-09-30	669	4160.36	4354.57	4149.3	4334.28	4277.07	205.27	102.63	8463.3	548.885	92.0425	17733.42581433	75898536.47
2017-10-01	670	4334.25	4389.22	4241.78	4385.6	4308.24	147.44	73.72	8623.76	717.39	210.255	15869.99509948	68259233.82
2017-10-02	671	4384.67	4461.16	4357.9	4393.52	4400.71	103.27	51.63	8683.77	473.6	369.185	21671.316708810005	95353900.01
2017-10-03	672	4393.58	4424.24	4232.86	4310.91	4306.26	191.37	95.69	8430.44	426.37	438.3375	29999.69665786	129141490.45
2017-10-04	673	4311.85	4344.98	4178.73	4218.52	4246.11	166.25	83.12	8270.8	16.2525	600.1275	19805.08557768	84006562.96
2017-10-05	674	4218.25	4363.63	4146.64	4314.33	4274.75	216.99	108.5	8411.67	125.955	1123.92	19594.14224115	83682797.7
2017-10-06	675	4313.18	4417.8	4292.12	4363.32	4367.73	125.68	62.84	8600.95	204.035	1277.8775	19057.56228569	83193357.99
2017-10-07	676	4361.58	4453.1	4316.87	4426.33	4370.07	136.24	68.12	8716.42	92.0425	1375.8125	12435.933847389999	54343769.69
2017-10-08	677	4423.93	4608.97	4411.76	4595.85	4505.66	197.21	98.61	8994.49	210.255	1093.7475	22380.982248419998	101027823.75
2017-10-09	678	4596.45	4869.1	4549.51	4762.7	4691.46	319.59	159.8	9205.81	369.185	983.5625	33158.874511359994	155755276.95
2017-10-10	679	4762.4	4911.66	4705.34	4749.24	4815.58	206.31	103.16	9292.18	438.3375	849.4575	32990.60020644	158924656.98
2017-10-11	680	4747.61	4871.34	4710.87	4818.65	4796.99	160.47	80.23	9476.83	600.1275	758.4125	22197.65202086	106435979.81
2017-10-12	681	4819.05	5438.56	4805.92	5438.25	5142.09	632.63	316.32	10243.87	1123.92	266.6575	51239.912933600004	263986905.53
2017-10-13	682	5437.71	5859.46	5384.41	5641.19	5625.06	475.05	237.53	10807.33	1277.8775	345.6375	65665.90816503999	368586577.55
2017-10-14	683	5640.85	5812.34	5561.8	5802.14	5696.09	250.54	125.27	11353.74	1375.8125	221.5875	21269.39630729	120976382.77
2017-10-15	684	5800.12	5837.09	5440.1	5689.6	5616.58	396.99	198.49	10982.22	1093.7475	300.795	28901.47303166	162038194.47
2017-10-16	685	5690.57	5786.24	5562.58	5746.26	5686.54	223.67	111.83	11268.86	983.5625	149.64	21918.46792941	124602417.03
2017-10-17	686	5749.81	5767.68	5522.47	5598.7	5616.65	245.21	122.6	10952.2	849.4575	-69.7875	21831.571158180002	122583016.28
2017-10-18	687	5596.64	5611.84	5110.38	5577.06	5374.98	501.46	250.73	10652.66	758.4125	166.7425	44556.94870444	239468533.1
2017-10-19	688	5576.89	5737.48	5524.56	5704.91	5652.26	212.93	106.46	11196.89	266.6575	185.45	22660.115963439996	128133708.77
2017-10-20	689	5703.13	6058.78	5613.21	5986.83	5890.58	445.56	222.78	11528.1	345.6375	-209.34	38322.81564927	225930136.34
2017-10-21	690	5984.51	6183.02	5884.75	6023.73	6064.34	298.28	149.14	11749.18	221.5875	-282.8625	36290.91779031	219980405.28
2017-10-22	691	6025.31	6078.73	5734.76	5990.4	5896.35	343.96	171.98	11636.82	300.795	145.9075	27592.581783089998	162667345.99
2017-10-23	692	5986.35	6053.1	5653.86	5895.91	5849.14	399.24	199.62	11392.57	149.64	227.465	38922.29107003	227541267.19
2017-10-24	693	5890.26	5892.15	5472.05	5528.92	5648.94	420.1	210.05	10637.73	-69.7875	910.6775	43289.971953	244564253.1
2017-10-25	694	5526.64	5760.24	5375.68	5743.8	5541.14	384.56	192.28	11103.05	166.7425	1007.99	34111.23142478	189056667.94
2017-10-26	695	5745.09	5986.78	5696.44	5890.36	5860.7	290.34	145.17	11490.38	185.45	1137.1225	28969.932357289996	169725058.55
2017-10-27	696	5889.55	5994.49	5695.62	5777.49	5810.22	298.87	149.43	11256.11	-209.34	1382.0975	26453.007848830002	153616700.34
2017-10-28	697	5781.22	5883.3	5675.8	5740.86	5747.34	207.51	103.75	11274.22	-282.8625	1650.145	14866.780559890001	85501918.14
2017-10-29	698	5741.58	6281.88	5697.1	6136.3	6014.04	584.78	292.39	11687.82	145.9075	1245.7025	35236.91745989	211740636.44
2017-10-30	699	6136.19	6219.29	6027.9	6123.37	6120.25	191.39	95.7	12055.35	227.465	842.875	22436.373749590002	137298998.06
2017-10-31	700	6124.98	6457.56	6084.43	6439.59	6296.74	373.12	186.56	12506.06	910.6775	687.5475	32896.77309729	207284445.06
2017-11-01	701	6441.96	6759.76	6355.15	6751.8	6550.49	404.61	202.31	13098.98	1007.99	712.9125	40130.02562188	262971290.77
2017-11-02	702	6752.63	7357.9	6726.87	7027.48	6979.12	631.03	315.51	13423.94	1137.1225	124.44	74890.60410988	523132196.5
2017-11-03	703	7030.74	7466.46	6928.94	7159.59	7251.82	537.52	268.76	13781.65	1382.0975	-579.41	47625.70650061	345165511.63
2017-11-04	704	7157.94	7513.7	6984.8	7391.01	7270.86	528.9	264.45	14253.12	1650.145	-1045.285	26643.47470418	193905362.67
2017-11-05	705	7391.72	7599.45	7295.21	7382.0	7461.77	304.24	152.12	14459.76	1245.7025	-1508.7275	28759.13603566	214857167.23
2017-11-06	706	7379.87	7432.47	6917.0	6966.25	7175.29	515.47	257.73	13417.02	842.875	-438.02	52845.32847954	378781287.3
2017-11-07	707	6966.56	7244.91	6953.48	7127.14	7103.53	291.42	145.71	13962.86	687.5475	-507.4475	32138.521724849998	228217885.77
2017-11-08	708	7127.88	7861.0	7071.48	7464.71	7424.86	789.52	394.76	14139.89	712.9125	-179.5675	72967.37758449	541774725.98
2017-11-09	709	7464.73	7483.64	7074.6	7151.92	7231.33	409.04	204.52	13894.8	124.44	667.5675	39598.21396111001	286464112.79
2017-11-10	710	7153.29	7359.44	6422.74	6580.18	6828.03	936.71	468.36	12223.64	-579.41	1113.7675	75362.92253223	513562150.53
2017-11-11	711	6576.2	6835.35	6204.75	6345.72	6463.05	630.6	315.3	12060.85	-1045.285	1432.785	50056.8331229	323931656.57
2017-11-12	712	6343.41	6481.94	5505.92	5873.28	6006.29	976.02	488.01	10770.54	-1508.7275	2149.095	106289.0798104	639642364.26
2017-11-13	713	5859.03	6821.06	5826.29	6528.22	6381.85	994.77	497.39	12061.68	-438.02	1708.8275	73370.53789400999	468871477.38
2017-11-14	714	6529.9	6754.87	6486.09	6619.69	6604.79	268.78	134.39	12970.6	-507.4475	1484.2175	37826.7381603	249671934.56
2017-11-15	715	6619.26	7336.08	6619.26	7285.14	7055.79	716.82	358.41	13853.46	-179.5675	952.2325	55459.895761559994	391709162.95
2017-11-16	716	7285.24	7933.74	7114.56	7819.49	7531.1	819.18	409.59	14819.8	667.5675	195.55	59940.96926371999	452364083.19
2017-11-17	717	7819.96	7983.88	7526.06	7693.94	7806.1	457.81	228.91	14930.08	1113.7675	504.1925	50060.614035319995	390903324.13
2017-11-18	718	7690.58	7848.71	7454.41	7778.51	7683.26	394.3	197.15	15162.72	1432.785	968.6125	26202.874662140002	201285739.42
2017-11-19	719	7780.76	8071.56	7680.82	8022.37	7890.43	390.74	195.37	15654.01	2149.095	1272.8075	26693.66542876	210803111.61
2017-11-20	720	8021.8	8279.66	7932.15	8237.05	8139.67	347.51	173.76	16126.6	1708.8275	1465.8925	28447.568279590003	231797823.21
2017-11-21	721	8235.75	8359.11	7788.47	8103.91	8112.08	570.64	285.32	15637.18	1484.2175	1784.6025	50900.03083386	412990924.11
2017-11-22	722	8098.84	8299.75	8059.36	8237.37	8191.01	240.38	120.19	16234.36	952.2325	1606.7525	26059.286005659997	213554682.13
2017-11-23	723	8237.75	8278.93	8012.79	8015.04	8162.08	266.14	133.07	15763.94	195.55	1955.2425	23898.3683192	195152500.07
2017-11-24	724	8014.7	8319.24	7876.42	8198.14	8142.06	442.82	221.41	15953.45	504.1925	2672.1425	29176.011869070004	237947633.36
2017-11-25	725	8198.59	8755.77	8146.32	8747.12	8489.57	609.45	304.73	16884.79	968.6125	2153.675	32847.76976779	278547612.93
2017-11-26	726	8749.58	9467.32	8694.46	9295.18	9110.68	772.86	386.43	17817.5	1272.8075	1942.345	45243.040338139996	413755382.92
2017-11-27	727	9298.92	9734.06	9289.92	9702.94	9566.59	444.14	222.07	18961.75	1465.8925	1927.09	44222.993146320005	424495150.57
2017-11-28	728	9709.36	9955.5	9586.96	9888.51	9827.4	368.54	184.27	19408.48	1784.6025	1817.745	34523.83516249	340541453.63
2017-11-29	729	9895.91	11377.45	8956.62	9844.12	10356.67	2420.83	1210.42	17267.42	1606.7525	3931.67	117025.35910137	1213027926.37
2017-11-30	730	9839.88	10737.1	9063.36	9970.28	9813.68	1673.73	836.87	18266.83	1955.2425	6697.6475	75531.74866339001	744028887.69
2017-12-01	731	9962.36	10947.67	9426.28	10870.28	10310.26	1521.39	760.7	20219.16	2672.1425	5191.6825	57006.52730113	586928418.08
2017-12-02	732	10864.51	11163.37	10677.52	10900.8	10932.63	485.85	242.93	21315.75	2153.675	4015.025	33122.68806342	362315332.71
2017-12-03	733	10900.65	11817.0	10522.67	11237.52	11270.83	1294.33	647.17	21180.72	1942.345	3795.7925	50530.44075359	570587101.12
2017-12-04	734	11245.62	11639.04	10918.03	11630.04	11353.53	721.01	360.5	22539.06	1927.09	5080.225	39340.79177817	446859653.93
2017-12-05	735	11630.04	11859.75	11469.15	11706.26	11685.02	390.61	195.3	23021.91	1817.745	5444.4775	34322.59297427	401431509.84
2017-12-06	736	11700.9	13928.41	11696.39	13775.8	12729.94	2232.02	1116.01	25319.57	3931.67	2626.0325	77211.99647569	990916012.38
2017-12-07	737	13774.59	17267.66	13371.48	16667.93	15145.74	3896.18	1948.09	29439.68	6697.6475	-135.6125	118583.15591833	1846244160.62
2017-12-08	738	16667.93	17154.66	13836.05	16061.96	15604.41	3318.61	1659.3	28805.32	5191.6825	1536.9675	97878.55720521	1552884275.37
2017-12-09	739	16058.51	16274.5	13162.76	14915.82	14798.6	3111.74	1555.87	26719.91	4015.025	4472.3425	59550.72949241	891692709.56
2017-12-10	740	14916.42	15882.24	13180.0	15033.32	14549.75	2702.24	1351.12	27364.39	3795.7925	4042.33	70189.31762905	1028536717.12
2017-12-11	741	15047.68	17408.72	14999.83	16710.26	16550.08	2408.89	1204.45	31011.63	5080.225	2225.6125	60455.21595043001	1001202809.87
2017-12-12	742	16707.78	17639.63	16244.3	17150.73	16996.57	1395.33	697.66	32906.14	5444.4775	533.0975	53335.840346080004	912389843.79
2017-12-13	743	17149.94	17438.79	15728.67	16401.83	16696.1	1710.12	855.06	31093.54	2626.0325	12.8075	51660.16985705	866701276.24
2017-12-14	744	16395.94	16959.25	16025.14	16532.32	16488.74	934.11	467.05	32130.53	-135.6125	-1072.5425	33911.30123026	561007624.3
2017-12-15	745	16534.6	17905.5	16498.48	17598.93	17405.9	1407.02	703.51	33790.84	1536.9675	-3560.6975	52011.89424886001	906436253.22
2017-12-16	746	17600.22	19543.53	17432.75	19388.16	18562.03	2110.78	1055.39	36665.55	4472.3425	-4658.1975	37790.38203745001	704830330.31
2017-12-17	747	19385.6	19734.5	18700.24	19075.65	19237.15	1034.26	517.13	37117.03	4042.33	-5027.35	34868.65216679	673835260.67
2017-12-18	748	19076.95	19281.06	18103.18	18935.87	18684.56	1177.89	588.94	36693.86	2225.6125	-4963.6075	45504.780715040004	851875279.61
2017-12-19	749	18936.7	19050.65	16770.16	17683.83	18015.2	2280.49	1140.25	33087.18	533.0975	-1895.4	59467.37669368	1071897761.21
2017-12-20	750	17683.68	17853.62	15097.42	16414.64	16628.16	2756.21	1378.1	30073.06	12.8075	-1017.965	87675.1039953	1460230876.08
2017-12-21	751	16423.96	17218.82	14886.88	15459.78	15938.36	2331.94	1165.97	28587.61	-1072.5425	-976.555	55124.32206072	883388162.61
2017-12-22	752	15448.72	15616.16	10871.23	14038.23	13399.53	4744.93	2372.46	23331.54	-3560.6975	409.9575	175593.33621013997	2372325431.95
2017-12-23	753	14056.7	15884.59	13635.81	14729.97	14881.99	2248.78	1124.39	27211.15	-4658.1975	-2040.88	58735.06848785	877634601.34
2017-12-24	754	14731.13	14860.51	12716.65	14048.3	13750.92	2143.85	1071.93	25952.74	-5027.35	-149.1425	48763.19861898	675140209.31
2017-12-25	755	14036.59	14636.5	13252.0	13972.26	13981.33	1384.5	692.25	26560.03	-4963.6075	-513.245	29937.19904256	420346696.27
2017-12-26	756	13991.16	16166.05	13896.15	15788.43	15419.8	2269.9	1134.95	29306.96	-1895.4	-1020.1475	42904.09336167	662058717.85
2017-12-27	757	15786.9	16506.33	14543.49	15396.67	15487.13	1962.84	981.42	28830.5	-1017.965	-252.5475	45864.771928500006	710771467.83
2017-12-28	758	15397.34	15500.79	13560.62	14483.22	14248.84	1940.17	970.08	27026.28	-976.555	702.4375	56110.85592272	799368664.69
2017-12-29	759	14480.4	15119.53	14075.6	14448.19	14569.39	1043.93	521.97	27852.45	409.9575	2502.2425	37483.745013759995	545915641.48
2017-12-30	760	14450.61	14523.46	12266.14	12689.09	13329.0	2257.32	1128.66	23120.85	-2040.88	4433.0675	57024.039237959994	759980445.44
2017-12-31	761	12688.51	14277.5	12538.27	13899.16	13376.96	1739.23	869.61	26059.08	-149.1425	2249.2925	34133.35034933	457811181.48
